facility_id,category,name,district,buffer_area_ha,pop_sum,n_pixels,density_hab_ha
1,pharmacy,Labaik Pharmacy,Bahawalpur,78.50827892387147,15255.837890625,104,194.3213900462447
2,pharmacy,Al Shifa Medical Store,Bahawalpur,78.50827892387147,13271.611328125,104,169.047284057702
3,pharmacy,Yousaf Medical Store,Bahawalpur,78.5082789238714,11530.212890625,105,146.86620377712927
4,pharmacy,CMH Pharmacy,Bahawalpur,78.5082789238714,16366.2666015625,106,208.46548702758705
5,pharmacy,hafiz pharmacy,Bahawalpur,78.5082789238714,8010.29541015625,106,102.03121912688653
6,pharmacy,Neelam Medical Hall,Bahawalpur,78.5082789238714,26688.794921875,105,339.9487963270068
7,pharmacy,Citi Pharmacy,Bahawalpur,78.5082789238714,9276.7529296875,102,118.16273464207595
8,pharmacy,New National Medical Store,Bahawalpur,78.5082789238714,10425.76171875,104,132.7982457602942
9,pharmacy,Meds Pharmacy,Bahawalpur,78.5082789238714,7885.63134765625,106,100.4433093648997
10,pharmacy,,Bahawalpur,78.5082789238714,9903.2783203125,104,126.14310816717303
11,pharmacy,+ pharmacy,Bahawalpur,78.5082789238714,7798.359375,102,99.33168172699317
12,pharmacy,Abdullah Pharmacy,Bahawalpur,78.5082789238714,10106.6220703125,106,128.73320124763885
13,pharmacy,Shareef Pharmacy & Mart,Bahawalpur,78.5082789238714,10019.6357421875,106,127.62521200984966
14,pharmacy,Zephyr Agro Chemicals (Pvt),Bahawalpur,78.5082789238714,3545.099365234375,104,45.155739163152695
15,pharmacy,,Multan,78.5082789238714,6047.18505859375,103,77.0260810895834
16,pharmacy,Ghauri Labs,Multan,78.5082789238714,19641.5390625,105,250.18430325731865
17,pharmacy,Agha Khan Lab,Multan,78.5082789238714,19350.01953125,104,246.47107026780574
18,pharmacy,Shahab Labs,Multan,78.5082789238714,19244.8984375,106,245.13208926871982
19,pharmacy,Clanic plus pharmacy,Multan,78.5082789238714,15051.4541015625,105,191.71804945765945
20,pharmacy,Rana pharmacy,Multan,78.5082789238714,10836.375,104,138.02843659976182
21,pharmacy,Saif Medical Store سیف,Dera Ghazi Khan,78.5082789238714,9835.7841796875,107,125.28340086559724
22,pharmacy,Madina Medical Store,Dera Ghazi Khan,78.5082789238714,10361.7685546875,108,131.9831321832337
23,pharmacy,Madina Medical Store,Dera Ghazi Khan,78.5082789238714,10804.8203125,108,137.62650844731056
24,pharmacy,king Pharmacy,Dera Ghazi Khan,78.5082789238714,11030.087890625,105,140.49585651114265
25,pharmacy,Medical Store,Faisalabad,78.5082789238714,9959.791015625,106,126.86293919757046
26,pharmacy,Medical Store,Faisalabad,78.5082789238714,15478.4384765625,108,197.15676727000687
27,pharmacy,Gulraiz medical store,Sargodha,78.5082789238714,3535.609375,108,45.034860316176854
28,pharmacy,Zaheer Sunny Pharmacy,Sargodha,78.5082789238714,12399.8486328125,112,157.94319787390185
29,pharmacy,Rasheed Medical Store,Sargodha,78.5082789238714,6366.6689453125,107,81.09551034084173
30,pharmacy,,Sargodha,78.5082789238714,2106.0029296875,106,26.825233702163658
31,pharmacy,Zaheer Medical Store,Sargodha,78.5082789238714,4275.53759765625,109,54.459703565813626
32,pharmacy,Care First Pharmacy,Sargodha,78.5082789238714,3928.324951171875,108,50.03707895547077
33,pharmacy,Miamwali City Pharmacy,Sargodha,78.5082789238714,7905.59228515625,109,100.69756200899799
34,pharmacy,Chaudhary medical store,Rawalpindi,78.5082789238714,14020.587890625,108,178.58738062797946
35,pharmacy,Ramay Medical Store,Multan,78.50827892387134,15933.2119140625,108,202.94944854813042
36,pharmacy,Zafar Medical Store Sheikh Fazal,Multan,78.50827892387134,3479.480712890625,107,44.31992091260389
37,pharmacy,Medical Stores,Multan,78.50827892387134,14551.96484375,106,185.35579996424184
38,pharmacy,Doctors pharmacy,Faisalabad,78.5082789238714,12664.865234375,104,161.31884952739796
39,pharmacy,Care Pharmacy,Faisalabad,78.50827892387134,25780.80859375,109,328.383311252427
40,pharmacy,Care Pharmacy,Faisalabad,78.50827892387134,29535.453125,104,376.20813409551647
41,pharmacy,Dar Pharmacy,Faisalabad,78.50827892387134,29572.59765625,109,376.68126293949507
42,pharmacy,Chaudary Medical Store,Faisalabad,78.50827892387134,24493.837890625,105,311.9905088529124
43,pharmacy,Gorey & Gorey Pharmacy,Faisalabad,78.50827892387134,28278.6875,108,360.20006918533454
44,pharmacy,Shaukat Khanum Laboratory,Faisalabad,78.50827892387134,23063.26171875,106,293.7685303369623
45,pharmacy,مجاہد فارمیسی,Faisalabad,78.50827892387134,24056.818359375,106,306.4239681359293
46,pharmacy,MUJAHID PHARMACY,Faisalabad,78.50827892387134,22826.953125,105,290.75854722449156
47,pharmacy,BUTT PHARMACY,Faisalabad,78.50827892387134,23803.06640625,108,303.1918000562919
48,pharmacy,MUJAHID PHARMACY,Faisalabad,78.50827892387134,23434.111328125,106,298.49223100214454
49,pharmacy,MIDCITY PHARMACY,Faisalabad,78.50827892387134,24232.888671875,107,308.6666655292925
50,pharmacy,Clinic,Faisalabad,78.50827892387134,26816.9765625,109,341.5815112760801
51,pharmacy,Mujahid pharmacy,Faisalabad,78.50827892387134,27114.06640625,108,345.3656961776251
52,pharmacy,Madina Chemis,Faisalabad,78.50827892387134,15951.19140625,108,203.1784625124403
53,pharmacy,Haidery dawakhana,Sargodha,78.50827892387134,2891.280517578125,110,36.82771495197047
54,pharmacy,Govt dispensary,Sargodha,78.50827892387134,2703.072021484375,102,34.430407321825456
55,pharmacy,,Rawalpindi,78.50827892387134,2831.888427734375,102,36.07120760449261
56,pharmacy,Askary Pharmacy,Rawalpindi,78.50827892387134,8503.86328125,110,108.31804489684593
57,pharmacy,shaheen Pharmacy,Rawalpindi,78.50827892387134,10996.341796875,106,140.06601529932962
58,pharmacy,Aziz Medical Store,Rawalpindi,78.50827892387134,17895.326171875,110,227.94189883117818
59,pharmacy,Medicine Point,Rawalpindi,78.50827892387134,19210.76953125,107,244.69737197880087
60,pharmacy,Nelson Pharmacy,Rawalpindi,78.50827892387134,14022.6376953125,111,178.61349003600122
61,pharmacy,Shaheen chemist,Rawalpindi,78.50827892387134,14027.56640625,110,178.6762695416159
62,pharmacy,Nelson Pharmacy,Rawalpindi,78.50827892387134,19256.599609375,113,245.2811330642966
63,pharmacy,Swati Pharmacy & Cosmatics,Rawalpindi,78.50827892387134,15482.7197265625,110,197.2112997353557
64,pharmacy,Zeeshan Chemist,Rawalpindi,78.50827892387134,20238.609375,108,257.78949242569905
65,pharmacy,Sky pharmacy,Rawalpindi,78.50827892387134,18210.123046875,110,231.95162722307498
66,pharmacy,shahid medicose,Rawalpindi,78.50827892387134,17337.298828125,112,220.83401987371036
67,pharmacy,Boots Pharmacy Grocery Cosmetics,Rawalpindi,78.50827892387134,11415.1875,108,145.40106669602562
68,pharmacy,APPLE PHARMACY,Rawalpindi,78.50827892387134,18577.337890625,107,236.62903002419975
69,pharmacy,Citi Lab,Rawalpindi,78.50827892387134,17735.34765625,110,225.90417086391335
70,pharmacy,city lab,Rawalpindi,78.50827892387134,17953.546875,110,228.68348562843119
71,pharmacy,ڈی واٹسن کیمسٹ,Rawalpindi,78.50827892387134,17704.59765625,106,225.5124924266645
72,pharmacy,Health & Wellness,Rawalpindi,78.50827892387134,23576.587890625,109,300.3070276637572
73,pharmacy,Shaheen chemist,Rawalpindi,78.50827892387134,23939.37109375,113,304.92798239742024
74,pharmacy,D-Watson,Rawalpindi,78.50827892387134,22720.41796875,108,289.40155458995287
75,pharmacy,Kashmir pharmacy,Rawalpindi,78.50827892387134,22746.32421875,111,289.7315357123912
76,pharmacy,Chemist,Rawalpindi,78.50827892387134,22120.54296875,109,281.7606406860614
77,pharmacy,,Rawalpindi,78.50827892387134,8736.962890625,112,111.28715353825476
78,pharmacy,Pills Mart,Lahore,78.50827892387134,2669.31201171875,108,34.000388854621995
79,pharmacy,Askari Pharmacy,Lahore,78.50827892387134,2937.13330078125,108,37.41176524362937
80,pharmacy,Servaid,Lahore,78.50827892387134,3037.1279296875,106,38.68544784471165
81,pharmacy,First Pharmacy,Lahore,78.50827892387134,12660.1640625,107,161.25896830290253
82,pharmacy,Green Pharmacy,Lahore,78.50827892387134,16350.435546875,107,208.26383880774978
83,pharmacy,Fazal Din's Pharmacy Plus,Lahore,78.50827892387134,16268.3056640625,106,207.21770859144303
84,pharmacy,Clinix,Lahore,78.50827892387134,15893.20703125,104,202.43988594707923
85,pharmacy,Hi-Care Pharmacy,Lahore,78.50827892387134,13795.08984375,112,175.71509696610408
86,pharmacy,Punjab Pharmacy,Lahore,78.50827892387134,4962.36865234375,108,63.20822109927676
87,pharmacy,Fazal Din Pharmacy,Lahore,78.50827892387134,18593.734375,106,236.83788041042334
88,pharmacy,Servaid Pharmacy,Lahore,78.50827892387134,19695.45703125,113,250.87108393177843
89,pharmacy,Healt Plus Pharmacy,Lahore,78.50827892387134,8962.587890625,106,114.16105426684908
90,pharmacy,Al-Qazi Pharmacy,Lahore,78.50827892387134,8731.123046875,106,111.21276846918882
91,pharmacy,Mujahid Pharmacy,Faisalabad,78.50827892387134,12508.029296875,104,159.32115018091156
92,pharmacy,Qatar Pharmacy,Faisalabad,78.50827892387134,10296.4541015625,109,131.15118867332276
93,pharmacy,Munir Pharmacy,Lahore,78.50827892387134,23201.8203125,109,295.53342183183713
94,pharmacy,Care Pharmacy,Lahore,78.50827892387134,23498.322265625,113,299.3101184705765
95,pharmacy,Bilal Lab,Lahore,78.50827892387134,20632.173828125,109,262.8025236438033
96,pharmacy,Punjab Pharmacy,Lahore,78.50827892387134,25817.353515625,108,328.8488025659029
97,pharmacy,Allaha Hoo Medicen Company,Lahore,78.50827892387134,27741.1171875,111,353.3527618711432
98,pharmacy,Bashir Son's Pharmacy,Gujranwala,78.50827892387134,20384.748046875,111,259.65093524266246
99,pharmacy,Maroosh Pharmacy,Gujranwala,78.50827892387134,18843.28515625,106,240.01653602064232
100,pharmacy,Animal Medical Store,Gujranwala,78.50827892387134,26903.056640625,111,342.6779571452918
101,pharmacy,Sharjah Medical Store,Gujranwala,78.50827892387134,23321.51953125,108,297.05809184614316
102,pharmacy,Khan Medical Store,Gujranwala,78.50827892387134,23131.18359375,106,294.63368590948306
103,pharmacy,Super Traders,Gujranwala,78.50827892387134,25335.177734375,108,322.70708365600854
104,pharmacy,Fazal Deen Pharmacy,Gujranwala,78.50827892387134,25010.291015625,110,318.56883577688944
105,pharmacy,,Gujranwala,78.50827892387134,15091.787109375,107,192.2317915542302
106,pharmacy,,Gujranwala,78.50827892387134,1761.173828125,106,22.432969519466752
107,pharmacy,Al Rasheed Medical Store,Gujranwala,78.50827892387134,13713.47265625,109,174.67549721154646
108,pharmacy,Prime medicine,Gujranwala,78.50827892387134,17270.525390625,109,219.9834925355076
109,pharmacy,The City Pharmacy,Gujranwala,78.50827892387134,12204.927734375,110,155.4603909507428
110,pharmacy,Doctor Aslam,Gujranwala,78.50827892387134,8118.26904296875,108,103.40653437124702
111,pharmacy,,Gujranwala,78.50827892387134,11872.3251953125,111,151.22386273204344
112,pharmacy,Chowhan Medicine and Pharmacy & Mart,Rawalpindi,78.50827892387134,1396.4031982421875,109,17.7866999172949
113,pharmacy,Zubair Medical Store,Rawalpindi,78.50827892387134,9954.923828125,113,126.80094334736576
114,pharmacy,,Rawalpindi,78.50827892387134,4095.125,110,52.161696271179245
115,pharmacy,Tariq Medical Store,Rawalpindi,78.50827892387134,3955.14990234375,109,50.378762043414774
116,pharmacy,CureMed Pharmacy,Rawalpindi,78.50827892387134,767.5140380859375,109,9.776217853790781
117,pharmacy,,Rawalpindi,78.50827892387134,17904.822265625,107,228.06285542174626
118,pharmacy,,Rawalpindi,78.50827892387134,19881.978515625,110,253.24690323302522
119,pharmacy,Shaheen Pharmacy,Rawalpindi,78.50827892387134,19710.94140625,111,251.068316315576
120,pharmacy,Rite Aid,Lahore,78.50827892387134,12366.3955078125,108,157.51708835451691
121,pharmacy,Dukes & Dukes Pharmacy,Lahore,78.50827892387134,11785.5390625,106,150.11842348408013
122,pharmacy,Punjab Pharmacy,Lahore,78.50827892387134,25053.685546875,106,319.1215740593332
123,pharmacy,Moon Pharmacy,Lahore,78.50827892387134,26255.888671875,107,334.4346485717138
124,pharmacy,Fazal Din Dispensing Pharmacy,Lahore,78.50827892387134,26960.298828125,107,343.4070800898351
125,pharmacy,Fazal Din Pharmacy,Lahore,78.50827892387134,26362.2890625,104,335.78992462773556
126,pharmacy,Clinix,Lahore,78.50827892387134,30125.439453125,106,383.72309094098625
127,pharmacy,Green Pharmacy,Lahore,78.50827892387134,29336.587890625,107,373.67508615330087
128,pharmacy,,Lahore,78.50827892387134,28103.97265625,107,357.97463708893844
129,pharmacy,Al-Nasar Lab,Lahore,78.50827892387134,29993.3359375,111,382.0404210692763
130,pharmacy,Khawaja Brothers Pharmacy,Lahore,78.50827892387134,22296.361328125,108,284.0001288239365
131,pharmacy,Fazal Din Pharma Plus,Lahore,78.50827892387134,15917.17578125,108,202.74518814359334
132,pharmacy,D Watson Chemist,Lahore,78.50827892387134,24362.333984375,107,310.31547651170524
133,pharmacy,Mushtaq Medical Store,Lahore,78.50827892387134,32241.046875,109,410.6706619599164
134,pharmacy,Ali Pharmacy,Lahore,78.50827892387134,24643.75,106,313.9000158683492
135,pharmacy,PUNJAB PHARMACY COUNCIL,Lahore,78.50827892387134,33278.62109375,109,423.88677410722414
136,pharmacy,الفتح فارمیسی,Lahore,78.50827892387134,32795.37890625,108,417.73147183689167
137,pharmacy,Abid Medical Store,Lahore,78.50827892387134,28625.98046875,105,364.62371690135143
138,pharmacy,Medic Pharmacy,Lahore,78.50827892387134,34015.703125,110,433.27536396492235
139,pharmacy,Nadeem Medical store,Lahore,78.50827892387134,27698.34375,107,352.80793477664685
140,pharmacy,Fazal Din & Sons,Lahore,78.50827892387134,26182.3671875,106,333.4981679179181
141,pharmacy,Green + Pharmacie,Lahore,78.50827892387134,30446.099609375,106,387.80750293734326
142,pharmacy,Matab ul Imran,Lahore,78.50827892387134,30407.185546875,106,387.3118346710992
143,pharmacy,New Mahmood Pharmacy,Lahore,78.50827892387134,27170.45703125,109,346.0839723361775
144,pharmacy,Dawakhana Hakeem Suleman,Lahore,78.50827892387134,27176.51171875,109,346.1610939796907
145,pharmacy,Ahmad Din Pharmacy,Lahore,78.50827892387134,21284.69921875,109,271.11407243291563
146,pharmacy,Tayyaba Pharmacy,Lahore,78.50827892387134,23680.46484375,108,301.6301614089986
147,pharmacy,Clinix Pharmacy,Lahore,78.50827892387134,22579.390625,105,287.6052173668843
148,pharmacy,Ravi Medical Store,Lahore,78.50827892387134,27564.583984375,106,351.1041684037436
149,pharmacy,Usman Meical Store,Lahore,78.50827892387134,22231.1953125,108,283.170076038189
150,pharmacy,Pharmagen Pharmacy,Lahore,78.50827892387134,20938.580078125,110,266.7053763645605
151,pharmacy,Pakistan Medical Store,Lahore,78.50827892387134,24972.642578125,107,318.08928842193455
152,pharmacy,Iqbal Medical Store,Lahore,78.50827892387134,25742.0546875,109,327.88968297804365
153,pharmacy,Sharif Oxygen Pvt,Lahore,78.50827892387134,22000.478515625,110,280.23131849519507
154,pharmacy,Pharma Plus,Lahore,78.50827892387134,23825.875,111,303.48232475079095
155,pharmacy,Bajwa Pharmaceuticals Pvt. Ltd,Lahore,78.50827892387134,24294.947265625,108,309.4571374973531
156,pharmacy,Muridke Medical Store,Lahore,78.50827892387134,22433.486328125,108,285.74675990386334
157,pharmacy,Yaqoob Medical Store,Lahore,78.50827892387134,19412.6484375,109,247.26880659712643
158,pharmacy,Al-Shaikh Pharmacy,Gujranwala,78.50827892387134,19885.46484375,106,253.2913103729191
159,pharmacy,Star Ceramics,Gujranwala,78.50827892387134,22749.11328125,113,289.7670614243063
160,pharmacy,Muneeb Pharmacy,Gujranwala,78.50827892387134,25246.189453125,109,321.573594519961
161,pharmacy,Moazam Traders,Gujranwala,78.50827892387134,25358.16015625,111,322.99982248801484
162,pharmacy,Qasir Medical Store,Gujranwala,78.50827892387134,7186.12158203125,104,91.53329662212512
163,pharmacy,Akhtar Medical Store,Gujranwala,78.50827892387134,7985.97265625,112,101.72140780202193
164,pharmacy,Green Plus Pharmacie,Lahore,78.50827892387134,3339.96142578125,106,42.54279257630874
165,pharmacy,DVM Pharma,Lahore,78.50827892387134,19459.6953125,106,247.86806664517334
166,pharmacy,Hafiz Medicle and General Store,Lahore,78.50827892387134,26073.970703125,105,332.11746659748655
167,pharmacy,Aziz Son's Pharma Plus,Lahore,78.50827892387134,17359.96875,109,221.1227782337934
168,pharmacy,Trust Medical Store,Lahore,78.50827892387134,28884.419921875,107,367.91559205983765
169,pharmacy,Anjum medical store,Lahore,78.50827892387134,24935.09765625,108,317.61105959830434
170,pharmacy,AAA Pharmacy,Lahore,78.50827892387134,18961.33203125,105,241.5201592896541
171,pharmacy,Clinix Pharmacy (Defence Branch),Lahore,78.50827892387134,27715.466796875,106,353.02603976009203
172,pharmacy,Rana Pharmacy,Lahore,78.50827892387134,29717.953125,108,378.5327296987008
173,pharmacy,Baig Pharmacy,Lahore,78.50827892387134,30226.9921875,110,385.01661992629846
174,pharmacy,Rafique Sons Pharmacy,Lahore,78.50827892387134,24885.857421875,105,316.983861612946
175,pharmacy,Shaukat Khanum Laboratory Collection Centre,Lahore,78.50827892387134,24978.201171875,108,318.16009106626956
176,pharmacy,Shifa Pharmacy,Lahore,78.50827892387134,18335.970703125,110,233.55461302247116
177,pharmacy,1st Health Pharmacy,Lahore,78.50827892387134,26966.833984375,108,343.4903217089303
178,pharmacy,Ali Medical Store,Lahore,78.50827892387134,27779.8515625,106,353.84614136603136
179,pharmacy,Bashir Sons Pharmacy,Lahore,78.50827892387134,23602.888671875,107,300.6420341319987
180,pharmacy,Fazal Din Pharmacy,Lahore,78.50827892387134,26829.763671875,113,341.74438721159004
181,pharmacy,RANA Pharmacy,Lahore,78.50827892387134,16321.0107421875,109,207.88904005925048
182,pharmacy,Mall of Health Pharmacy,Lahore,78.50827892387134,24747.013671875,107,315.21533793744123
183,pharmacy,Rehmat Homeopathic Pharmacy,Lahore,78.50827892387134,28159.49609375,106,358.6818674379038
184,pharmacy,Chaudhary Medical Store,Lahore,78.50827892387134,27228.1796875,107,346.81921525630287
185,pharmacy,wheelchair maker,Lahore,78.50827892387134,28133.671875,105,358.3529311893453
186,pharmacy,Naseem Pharmacy,Lahore,78.50827892387134,26102.9765625,104,332.4869290258137
187,pharmacy,Lasani Pharma (PVT) Limited,Lahore,78.50827892387134,9607.26953125,106,122.37269321068761
188,pharmacy,Safdar Medical Store,Gujranwala,78.50827892387134,22923.166015625,109,291.984059895815
189,pharmacy,Al Haram Pharmacy,Gujranwala,78.50827892387134,17086.439453125,105,217.6386960373127
190,pharmacy,Irfan Medical Store,Gujranwala,78.50827892387134,8092.48876953125,104,103.07815787655277
191,pharmacy,Anayat Medical Store,Gujranwala,78.50827892387134,23124.0625,113,294.54298090553175
192,pharmacy,AL FATIMA PHARMACY,Gujranwala,78.50827892387134,24476.494140625,105,311.76959266117143
193,pharmacy,Ibrahim Pharmacy,Gujranwala,78.50827892387134,26222.5234375,109,334.0096585600572
194,pharmacy,Servaid Pharmacy,Gujranwala,78.50827892387134,25876.986328125,113,329.6083761206591
195,pharmacy,Chaudhry Dawakhana,Gujranwala,78.50827892387134,25462.337890625,106,324.3267874374824
196,pharmacy,Bilal Medical Store,Gujranwala,78.50827892387134,24188.802734375,106,308.1051204527185
197,pharmacy,Deen Memorial Pharmacy,Gujranwala,78.50827892387134,8599.943359375,109,109.541865867602
198,pharmacy,Rana Medical Store Tanda,Gujranwala,78.50827892387134,10494.087890625,111,133.66855106836576
199,clinic,,Bahawalpur,78.50827892387147,347.3515319824219,73,4.424393665784527
200,clinic,Parking Area,Bahawalpur,78.50827892387147,11484.40234375,103,146.28269147112863
201,clinic,Rescue 1122 Sub-Station,Bahawalpur,78.50827892387147,2287.294189453125,100,29.134432964338533
202,clinic,Rural Health Center Bagh O Bahar,Bahawalpur,78.50827892387174,1063.0067138671875,85,13.540058812115452
203,clinic,"Rescue 1122, Khanpur",Bahawalpur,78.50827892387174,10846.916015625,104,138.1627028933227
204,clinic,Rescue 1122 Liaqatpur,Bahawalpur,78.50827892387174,10539.8125,102,134.2509687445867
205,clinic,Qalsom meternity home,Bahawalpur,78.5082789238714,7066.677734375,105,90.01187939971882
206,clinic,Rescue 1122,Dera Ghazi Khan,78.50827892387147,10624.7138671875,103,135.33240077126334
207,clinic,,Dera Ghazi Khan,78.50827892387147,10878.9248046875,105,138.57041516903791
208,clinic,Ashfaa clinic,Bahawalpur,78.5082789238714,15293.8837890625,106,194.80600006392712
209,clinic,Kiswa pharmacy,Bahawalpur,78.50827892387174,4522.8818359375,96,57.6102533125617
210,clinic,Basic Health Unit,Bahawalpur,78.50827892387174,934.6982421875,87,11.90572835119545
211,clinic,,Multan,78.5082789238714,11303.119140625,104,143.9735948304956
212,clinic,Rescue 1122,Multan,78.5082789238714,12262.0283203125,106,156.18771024394576
213,clinic,Doctor House,Multan,78.5082789238714,11913.1240234375,106,151.74353821957456
214,clinic,,Dera Ghazi Khan,78.50827892387144,751.7456665039062,98,9.575368060645747
215,clinic,Social Security Dispensary,Dera Ghazi Khan,78.50827892387174,5059.96728515625,101,64.4513846757846
216,clinic,Aesthetic Hub,Dera Ghazi Khan,78.50827892387174,15679.30078125,106,199.7152529156062
217,clinic,,Dera Ghazi Khan,78.5082789238714,16985.515625,107,216.35317775174596
218,clinic,Social Security Health Management,Dera Ghazi Khan,78.5082789238714,12759.1611328125,107,162.51994449126715
219,clinic,Muzzamil Medical Centre,Dera Ghazi Khan,78.5082789238714,16472.14453125,106,209.81410823211212
220,clinic,Multan Institute Of Kidney Disease,Multan,78.5082789238714,3384.083740234375,105,43.104801004692554
221,clinic,H Medical Store,Dera Ghazi Khan,78.5082789238714,10291.2529296875,104,131.0849386937499
222,clinic,Dr.Shehzad Anwar Faiz Aarbi,Multan,78.5082789238714,13829.8388671875,107,176.15771300499583
223,clinic,Govt Mother child Care,Multan,78.5082789238714,21634.404296875,107,275.56844441659
224,clinic,FG Degree College,Multan,78.5082789238714,14959.7646484375,106,190.5501541174252
225,clinic,SHISTA SOHAIL MEDICAL CENTRE,Multan,78.5082789238714,19657.6484375,104,250.38949658496273
226,clinic,Hania Dental Clinic,Multan,78.5082789238714,19004.720703125,107,242.07282293824915
227,clinic,Fatimid Foundation,Multan,78.5082789238714,19615.431640625,106,249.85175970607972
228,clinic,Multan Institute of Cardiology,Multan,78.5082789238714,20010.146484375,108,254.87944403645142
229,clinic,CMH MULTAN,Multan,78.5082789238714,11152.076171875,104,142.04968348228655
230,clinic,Ansari Clinic,Multan,78.5082789238714,24840.6875,110,316.40850927438794
231,clinic,Children Health Complax,Multan,78.5082789238714,22930.92578125,107,292.08289998925926
232,clinic,Khalid Bin Waleed,Multan,78.5082789238714,19818.181640625,106,252.43428988989135
233,clinic,Shan Medical center,Multan,78.5082789238714,18220.146484375,106,232.0793008600134
234,clinic,Mashallah Clinic,Multan,78.5082789238714,22412.03125,106,285.4734756283818
235,clinic,Medical stores,Multan,78.5082789238714,18644.626953125,105,237.48612514107572
236,clinic,Hameeda Shareef Clinic,Multan,78.5082789238714,20401.1015625,106,259.8592383139964
237,clinic,Life Kidney Stone Centre,Multan,78.5082789238714,19860.0390625,106,252.9674492260626
238,clinic,Bodla Eye Care,Multan,78.5082789238714,12669.4482421875,102,161.37722563594755
239,clinic,Nishtar Medical College,Multan,78.5082789238714,14499.8564453125,105,184.6920687100127
240,clinic,Haleema Medical Complex,Multan,78.5082789238714,19201.69921875,104,244.58183878122807
241,clinic,Dr Khalil Home,Dera Ghazi Khan,78.50827892387174,1302.72021484375,104,16.593411964959486
242,clinic,Burn Unit,Multan,78.5082789238714,13789.3408203125,106,175.64186872169074
243,clinic,hakim furqan durani,Multan,78.5082789238714,20216.197265625,106,257.5040179549525
244,clinic,Fatima Medical Centre,Multan,78.5082789238714,20256.876953125,106,258.022175887563
245,clinic,citi hospital,Multan,78.5082789238714,19287.1484375,105,245.6702490727447
246,clinic,Osama Medicare,Multan,78.5082789238714,16978.55078125,103,216.2644629837563
247,clinic,Nafees Medicare,Multan,78.5082789238714,19845.287109375,108,252.77954607333518
248,clinic,Smile Dental Clinic & Implant Centre,Multan,78.5082789238714,10510.9716796875,106,133.88360850299458
249,clinic,Pharmacy,Multan,78.5082789238714,13106.236328125,106,166.94081831591254
250,clinic,University Clinic,Multan,78.5082789238714,4322.01513671875,103,55.05171169157535
251,clinic,D ایچ کیو کوٹ ادو,Dera Ghazi Khan,78.50827892387174,10847.37109375,105,138.16849945556095
252,clinic,Bunyadi makze sehat,Dera Ghazi Khan,78.5082789238714,810.7645874023438,107,10.327122164893375
253,clinic,THQ,Dera Ghazi Khan,78.50827892387174,12395.9404296875,108,157.8934170969109
254,clinic,Ahsan Clinic,Dera Ghazi Khan,78.50827892387174,6381.2333984375,106,81.28102521041485
255,clinic,RHC 67 ML,Sargodha,78.5082789238714,1919.7642822265625,105,24.45301703898179
256,clinic,Bakhtawar hospital,Sargodha,78.50827892387174,1519.9075927734375,106,19.359838396753904
257,clinic,Khansar Hospial,Sargodha,78.5082789238714,358.4485168457031,79,4.565741623164184
258,clinic,BHU Daggar Rehtas,Sargodha,78.5082789238714,816.9299926757812,91,10.40565407716999
259,clinic,Family Diagnostic and Digital Xray center Mianwali,Sargodha,78.5082789238714,8041.68115234375,110,102.43099533670427
260,clinic,New Trauma Center DHQ,Sargodha,78.5082789238714,7763.33056640625,107,98.88550192183253
261,clinic,DHQ Emergency Care,Sargodha,78.5082789238714,6803.96337890625,110,86.66555262921987
262,clinic,,Sargodha,78.5082789238714,6189.7529296875,104,78.84204079533617
263,clinic,علی میڈیکل کمپلیکس,Sargodha,78.5082789238714,6662.875,111,84.86843797022878
264,clinic,عمر فارمیسی,Sargodha,78.5082789238714,5477.32763671875,105,69.76751639187064
265,clinic,THQ Esa Khel,Sargodha,78.5082789238714,5213.55859375,106,66.40775552863067
266,clinic,,Bahawalpur,78.50827892387134,3182.180908203125,104,40.53306163148542
267,clinic,Sitc,Bahawalpur,78.5082789238714,15885.2412109375,102,202.33842122996023
268,clinic,Gyane ward 1,Bahawalpur,78.5082789238714,15020.82421875,104,191.3279010143061
269,clinic,Department Of Accidents And Emergency BVH,Bahawalpur,78.5082789238714,11535.0166015625,106,146.92739109397465
270,clinic,Tahira Jamshed Medical Complex,Bahawalpur,78.5082789238714,8263.9169921875,105,105.26172660339336
271,clinic,اسامہ کلینک,Bahawalpur,78.5082789238714,9558.0634765625,106,121.74593058944582
272,clinic,Sadia Tariq Clinic,Bahawalpur,78.5082789238714,9908.841796875,105,126.21397300638182
273,clinic,RHC Dahranwala,Bahawalpur,78.50827892387134,3176.610107421875,105,40.46210349996591
274,clinic,BHU Chak 38/3-R,Bahawalpur,78.50827892387134,1159.6905517578125,97,14.771570179017072
275,clinic,KAM PEDIATRICS,Multan,78.5082789238714,1457.2633056640625,99,18.561906153581006
276,clinic,Raheem Clinc,Multan,78.5082789238714,9887.6484375,106,125.94402237613618
277,clinic,Homeo Point Doctor Usman Ghani,Multan,78.5082789238714,2035.52392578125,103,25.92750667423336
278,clinic,DHQ KHANEWAL,Multan,78.5082789238714,7765.7685546875,107,98.91655582232134
279,clinic,jahangir Clinic,Multan,78.5082789238714,15396.263671875,106,196.11006486086117
280,clinic,Kashmir Medical Store,Multan,78.5082789238714,15539.640625,105,197.93633025720274
281,clinic,Khanewal Dental Complex,Multan,78.5082789238714,15998.078125,111,203.7756825686264
282,clinic,City Pharmicy,Multan,78.5082789238714,14582.322265625,106,185.74247793363696
283,clinic,Noreen Nishat,Multan,78.5082789238714,7737.54150390625,105,98.55701347636543
284,clinic,Dr. Saleem Akhtar clinic,Multan,78.5082789238714,15421.546875,105,196.43210991740247
285,clinic,Eisay wala Basic health unit,Faisalabad,78.5082789238714,885.2728881835938,107,11.276172402684217
286,clinic,Dispensary,Faisalabad,78.5082789238714,1952.5576171875,101,24.87072247604451
287,clinic,Ibrahim Medical Center,Faisalabad,78.50827892387134,7373.455078125,105,93.91945893088501
288,clinic,Basic Health Unit 249GB,Faisalabad,78.50827892387134,1461.8092041015625,81,18.619809581089704
289,clinic,Doctor care,Faisalabad,78.5082789238714,11308.0341796875,108,144.03620019046366
290,clinic,Gondal Diagnostic Laboratory,Faisalabad,78.5082789238714,9464.0,104,120.54779610156956
291,clinic,ڈاکٹر کلینک,Faisalabad,78.5082789238714,12925.6953125,108,164.64117529609715
292,clinic,Tahir Medical Centre,Faisalabad,78.50827892387134,8296.3876953125,102,105.67532251416975
293,clinic,Jazzam Ghar,Faisalabad,78.50827892387134,12106.884765625,108,154.21156764071876
294,clinic,Hamza Eye Hospital,Faisalabad,78.50827892387134,9922.220703125,109,126.38438696059652
295,clinic,OMC skin & laser clinic,Faisalabad,78.50827892387134,9209.283203125,112,117.30333831486925
296,clinic,,Faisalabad,78.50827892387134,11314.4638671875,106,144.11809840028485
297,clinic,,Faisalabad,78.50827892387134,12097.6259765625,111,154.0936337210174
298,clinic,زبیدہ بنی ونگ,Faisalabad,78.50827892387134,10282.3994140625,110,130.9721669485741
299,clinic,نور العین,Faisalabad,78.50827892387134,7926.7919921875,108,100.96759349257964
300,clinic,civil,Sargodha,78.50827892387134,18466.779296875,109,235.2207888136491
301,clinic,,Sargodha,78.5082789238714,404.02386474609375,80,5.146258079837302
302,clinic,Cheema Heart Centre,Sargodha,78.50827892387134,19655.1640625,109,250.357851833173
303,clinic,Emergency unit of hosp.,Sargodha,78.50827892387134,19178.14453125,110,244.28181071001245
304,clinic,DHQ SARGODAH,Sargodha,78.50827892387134,19045.359375,107,242.59045843391988
305,clinic,Ali clinic,Sargodha,78.50827892387134,19325.720703125,109,246.16156369782286
306,clinic,گورنمنٹ رورل ہیلتھ ڈسپنسری چک نمبر ۳۸ ڈی بی,Sargodha,78.5082789238714,353.27777099609375,75,4.499879195398784
307,clinic,SAFA AL-MADINA CLINIC,Sargodha,78.5082789238714,9478.8564453125,109,120.73703022459632
308,clinic,Sami Diagnostic Center,Sargodha,78.5082789238714,10612.18359375,105,135.17279628611544
309,clinic,,Sargodha,78.5082789238714,8916.935546875,112,113.57955707475962
310,clinic,رورل ڈسپنسری سرکی,Sargodha,78.5082789238714,651.0115966796875,64,8.292266823362237
311,clinic,اقبال میڈیکل اینڈ سرجیکل کملیکس,Sargodha,78.5082789238714,3542.16552734375,106,45.11836937322939
312,clinic,Anjum Polyclinic,Sargodha,78.5082789238714,4235.86376953125,110,53.95435777720614
313,clinic,Valley Clinic,Sargodha,78.5082789238714,3028.875244140625,108,38.58032917875695
314,clinic,Afzal Children Clinic and Maternity Home,Sargodha,78.5082789238714,2005.208984375,98,25.541369800240158
315,clinic,Trauma Centre Kallar Kahar,Rawalpindi,78.50827892387134,2105.92529296875,102,26.824244803670243
316,clinic,,Rawalpindi,78.50827892387134,2123.640869140625,107,27.04989713505116
317,clinic,Dr. Mulazim Hospital,Sargodha,78.5082789238714,1092.6131591796875,110,13.917171209920195
318,clinic,Hakeem Mahboob Hussian,Rawalpindi,78.5082789238714,8600.31640625,109,109.54661755596031
319,clinic,,Rawalpindi,78.5082789238714,2885.19482421875,104,36.75019837100863
320,clinic,Al Shifa Medical Complex,Rawalpindi,78.5082789238714,7286.02587890625,113,92.80582861804203
321,clinic,Civil Aviation Medical Center,Rawalpindi,78.50827892387134,1367.4287109375,109,17.417637091031906
322,clinic,Mushtaq Baig Shaheed Medical Clinic,Rawalpindi,78.50827892387134,7341.5966796875,110,93.51366225728333
323,clinic,KKT Orthopedic Spine Center,Rawalpindi,78.50827892387134,11619.82421875,109,148.00762897907393
324,clinic,Izzat Ali Shah,Rawalpindi,78.50827892387134,15564.240234375,110,198.24966803141209
325,clinic,Amna Skin Care and Hair Transplant,Rawalpindi,78.50827892387134,15085.875,113,192.156486001032
326,clinic,Uppal,Rawalpindi,78.50827892387134,14136.5732421875,112,180.0647452212726
327,clinic,Elahi Baksh,Rawalpindi,78.50827892387134,13630.2392578125,106,173.61531095376068
328,clinic,Noori,Rawalpindi,78.50827892387134,13953.2490234375,110,177.72965112339068
329,clinic,,Rawalpindi,78.50827892387134,6274.47705078125,109,79.92121514809342
330,clinic,,Rawalpindi,78.5082789238714,3699.329833984375,110,47.12025132497904
331,clinic,Tehseel Chowk,Multan,78.50827892387134,17965.91796875,107,228.84106256069327
332,clinic,Hajra Hospital,Multan,78.50827892387134,17330.498046875,106,220.7473948534804
333,clinic,Tamoor Diagnostic Center,Multan,78.50827892387134,16246.01953125,107,206.9338387484407
334,clinic,Bhuta Laboratory,Multan,78.50827892387134,18338.234375,106,233.5834465659653
335,clinic,Civil Hospital,Multan,78.50827892387134,13174.0263671875,106,167.80429462684077
336,clinic,Chak khudayar bhutta Dispensary,Faisalabad,78.50827892387134,1468.6171875,93,18.706526338758525
337,clinic,BHU 222 RB Dr. A.Sattar Gill,Faisalabad,78.50827892387134,22025.1640625,105,280.54575089918313
338,clinic,Doctor's Clinic,Faisalabad,78.50827892387134,25951.166015625,107,330.55324064344313
339,clinic,Abdali Clinic,Faisalabad,78.50827892387134,25572.23828125,108,325.72664477904465
340,clinic,Hameed Medicare,Faisalabad,78.50827892387134,27137.654296875,108,345.6661471739827
341,clinic,Akhter Medical Center,Faisalabad,78.50827892387134,24720.4453125,107,314.87692319011546
342,clinic,Niaz Medicare,Faisalabad,78.50827892387134,24435.068359375,106,311.2419313518442
343,clinic,MC Dispensory Union Counsel # 244,Faisalabad,78.50827892387134,27720.26953125,109,353.08721463796263
344,clinic,Dr Nargis Clinic,Faisalabad,78.50827892387134,26781.189453125,106,341.12567260701815
345,clinic,MC Dispensory,Faisalabad,78.50827892387134,28083.201171875,106,357.71006009578923
346,clinic,AUSTRALIAN CONCEPT INFERTILITY MEDICAL CENTER,Faisalabad,78.50827892387134,29507.015625,108,375.8459111504997
347,clinic,Dr Shahid Ahmed Heera Clinic,Faisalabad,78.50827892387134,29699.24609375,107,378.29444869819457
348,clinic,Fatima Eye Clinic,Faisalabad,78.50827892387134,30356.3828125,108,386.6647343261246
349,clinic,Zohra Medical Center Dr Waseem,Faisalabad,78.50827892387134,26008.376953125,109,331.28196554079415
350,clinic,Ghufran Skin Clinic,Faisalabad,78.50827892387134,21748.431640625,105,277.02086886548904
351,clinic,Office District Officer Health III,Faisalabad,78.50827892387134,22809.775390625,105,290.5397456584598
352,clinic,کارڈیک سنٹر,Faisalabad,78.50827892387134,13189.01171875,104,167.9951706945359
353,clinic,Liver Center,Faisalabad,78.50827892387134,13524.03125,108,172.2624853757667
354,clinic,Shezad medical store,Faisalabad,78.50827892387134,26297.251953125,109,334.96151378665644
355,clinic,یاسین میموریل,Faisalabad,78.50827892387134,27711.86328125,106,352.9801399432269
356,clinic,Faisalabad Institute of Cardiology,Faisalabad,78.50827892387134,13464.49609375,106,171.50415571848646
357,clinic,Family Pharmacy,Faisalabad,78.50827892387134,20084.9375,106,255.83209535743552
358,clinic,Shaukat Khanum Laboratory Collection Centre,Faisalabad,78.50827892387134,17659.537109375,106,224.9385332532798
359,clinic,Javed Eye Centre,Faisalabad,78.50827892387134,13286.197265625,110,169.23307258472047
360,clinic,Dia Scient Medical Complex,Faisalabad,78.50827892387134,26460.7421875,106,337.0439723071589
361,clinic,Hope Clinic,Faisalabad,78.50827892387134,26777.49609375,107,341.0786284044751
362,clinic,Clinix Pharmacy,Faisalabad,78.50827892387134,16724.185546875,106,213.0244832279697
363,clinic,Siddique Orthopaedic & Rehabilitation Complex,Faisalabad,78.50827892387134,16485.306640625,110,209.9817607339301
364,clinic,National Laboratory,Faisalabad,78.50827892387134,14916.7626953125,106,190.00241630283512
365,clinic,Punjab Institute of Nuclear Medicine,Faisalabad,78.50827892387134,14770.703125,104,188.1419810428273
366,clinic,Talha homeopathic clinic,Faisalabad,78.50827892387134,6034.55908203125,101,76.86525758490896
367,clinic,Health Centre Devi,Rawalpindi,78.50827892387134,504.4041748046875,80,6.424853298513943
368,clinic,Ghazi Clinic,Rawalpindi,78.50827892387134,1929.192626953125,105,24.57311067567591
369,clinic,Officers Family Ward CMH Rawalpindi,Rawalpindi,78.50827892387134,16892.9140625,111,215.17366440908586
370,clinic,OT Complex CMH,Rawalpindi,78.50827892387134,16173.1953125,109,206.00623952262382
371,clinic,,Rawalpindi,78.50827892387134,16341.345703125,110,208.14805683068192
372,clinic,,Rawalpindi,78.50827892387134,17227.8515625,109,219.4399342164368
373,clinic,AFPGMI,Rawalpindi,78.50827892387134,17431.89453125,112,222.03893360283092
374,clinic,CMH,Rawalpindi,78.50827892387134,14743.0537109375,109,187.78979635044203
375,clinic,Premium Diagnostic Centre,Rawalpindi,78.50827892387134,12386.7021484375,110,157.7757443956803
376,clinic,"Mega Medical Complex,",Rawalpindi,78.50827892387134,14316.7763671875,111,182.36008435582096
377,clinic,Maj Gen Salman Ali Clinic,Rawalpindi,78.50827892387134,16098.615234375,113,205.0562750201881
378,clinic,AFIC (Armed Forces Institute of Cardiology),Rawalpindi,78.50827892387134,14322.3984375,110,182.43169553351538
379,clinic,IDC,Rawalpindi,78.50827892387134,14671.80078125,112,186.88221143501428
380,clinic,Rahmat Noor Clinic,Rawalpindi,78.50827892387134,14272.390625,107,181.79472051399557
381,clinic,Abrar Surgery,Rawalpindi,78.50827892387134,11378.45703125,107,144.93321197734537
382,clinic,Dr.  Zia ul Haq MBBS Karam abad,Rawalpindi,78.50827892387134,6017.23583984375,108,76.64460261163795
383,clinic,Hassan Clinic,Rawalpindi,78.50827892387134,14408.3017578125,109,183.52588994829551
384,clinic,Valley Clinic,Rawalpindi,78.50827892387134,17621.666015625,108,224.45614981207962
385,clinic,Major General (Retired) Dr. Mohammad Naeem Khan Neuro-Physician,Rawalpindi,78.50827892387134,17407.88671875,107,221.7331338473264
386,clinic,Nghat Altrsound,Rawalpindi,78.50827892387134,18065.830078125,109,230.11369406840834
387,clinic,Chinese,Rawalpindi,78.50827892387134,18448.90625,109,234.9931306975881
388,clinic,Msz Khan Clinic,Rawalpindi,78.50827892387134,17174.146484375,111,218.7558652384749
389,clinic,Bismillah diagonostic centre,Rawalpindi,78.50827892387134,17434.8671875,111,222.07679784200096
390,clinic,سینٹ جوزف ہاسپیس,Rawalpindi,78.50827892387134,14176.2158203125,107,180.56969296268778
391,clinic,,Rawalpindi,78.50827892387134,15278.0322265625,111,194.60409062561985
392,clinic,,Rawalpindi,78.50827892387134,18114.9765625,109,230.73969791218965
393,clinic,CDA Dispensary,Rawalpindi,78.50827892387134,14572.916015625,110,185.62266572874694
394,clinic,سی ایم ایچ,Multan,78.50827892387134,3960.46240234375,102,50.44643006611021
395,clinic,Punjab Clinic,Lahore,78.50827892387134,25327.474609375,108,322.60896502310015
396,clinic,,Lahore,78.50827892387134,19171.65234375,104,244.1991164058067
397,clinic,Hafiz Aslam Dental Clinic,Faisalabad,78.50827892387134,24933.220703125,108,317.58715188881524
398,clinic,Shehroze Dental Clinic,Faisalabad,78.50827892387134,26616.076171875,107,339.02254051046424
399,clinic,National Cupping Association Of Pakistan,Faisalabad,78.50827892387134,28241.21875,113,359.72281060173555
400,clinic,Dr.Shagufta Zaheer Maternity Clinic,Faisalabad,78.50827892387134,25416.990234375,106,323.7491712055182
401,clinic,Skin Laser,Faisalabad,78.50827892387134,25592.990234375,111,325.9909729926987
402,clinic,Doctors Plaza Diagnostic Centre,Faisalabad,78.50827892387134,28521.611328125,107,363.2943139128309
403,clinic,Shaukat Khanum Laboratory Collection Centre,Faisalabad,78.50827892387134,23143.205078125,107,294.78680968878103
404,clinic,Clinic Dr. Obaid Anwar,Faisalabad,78.50827892387134,26928.109375,108,342.99706660378973
405,clinic,Aziz Clinic,Faisalabad,78.50827892387134,24764.224609375,108,315.4345624286148
406,clinic,Global Medical Complex,Faisalabad,78.50827892387134,23760.1875,104,302.64562955252154
407,clinic,Doctors Specialist Centre,Faisalabad,78.50827892387134,20728.4296875,105,264.02858363001616
408,clinic,Azam Majeed Medical Complex,Faisalabad,78.50827892387134,25241.62890625,109,321.5155045078309
409,clinic,Zaib Clinic,Faisalabad,78.50827892387134,23817.244140625,106,303.3723890918604
410,clinic,Fozia Mother Care,Faisalabad,78.50827892387134,22606.224609375,109,287.9470155153448
411,clinic,Insan Welfare Medical Care Center,Faisalabad,78.50827892387134,22792.634765625,108,290.3214167734689
412,clinic,,Faisalabad,78.50827892387134,23742.3515625,107,302.4184441175014
413,clinic,,Faisalabad,78.50827892387134,24194.28515625,106,308.17495285702216
414,clinic,FAMILY CLINIC,Faisalabad,78.50827892387134,24644.345703125,108,313.9076036429529
415,clinic,Rehman Free Dialysis Center,Faisalabad,78.50827892387134,19963.115234375,107,254.28038301200087
416,clinic,Dr. Saadia Khan Clinic,Faisalabad,78.50827892387134,11382.5947265625,106,144.98591591340428
417,clinic,City Medical Complex,Faisalabad,78.50827892387134,24508.08984375,107,312.17204325056264
418,clinic,Shaheeratauiq Clinic,Faisalabad,78.50827892387134,2165.938720703125,91,27.588666448839277
419,clinic,Dr Amin Clinic,Faisalabad,78.50827892387134,16249.2958984375,108,206.97557150876116
420,clinic,Dr. Khalid Saleemi,Lahore,78.50827892387134,21227.025390625,108,270.37945146152833
421,clinic,Zainab Meternity Home,Lahore,78.50827892387134,19732.52734375,105,251.34326741367525
422,clinic,Dr. Mustafa,Lahore,78.50827892387134,22621.21875,109,288.13800353381276
423,clinic,Rashid Hospital,Lahore,78.50827892387134,12361.8359375,106,157.45901078136157
424,clinic,BLDX home,Lahore,78.50827892387134,2688.1650390625,98,34.24052948185484
425,clinic,بنیادی مرکز صحت چک نمبر ۱۲۶ ر ب پہاڑنگ,Faisalabad,78.50827892387134,1078.6201171875,72,13.738934695453286
426,clinic,"RHC, Sukheke",Gujranwala,78.50827892387134,1475.8800048828125,103,18.7990365489219
427,clinic,بنیادی مرکز صحت سندھواں تارڑ,Gujranwala,78.50827892387134,1345.223388671875,71,17.134796573191014
428,clinic,گورنمنٹ رورل ہیلتھ ڈسپنسری علی آباد,Gujranwala,78.50827892387134,1701.4312744140625,70,21.67199813492183
429,clinic,Naseer clinic,Gujranwala,78.50827892387134,8232.671875,108,104.86374160594114
430,clinic,,Gujranwala,78.50827892387134,4602.7470703125,109,58.62753754639986
431,clinic,"Rural Health Center (RHC), Miana Gondal",Gujranwala,78.50827892387134,1383.988037109375,104,17.62856167629676
432,clinic,BHU DAFFAR,Gujranwala,78.50827892387134,692.7515869140625,108,8.823930372818598
433,clinic,,Gujranwala,78.50827892387134,14434.095703125,107,183.8544405886364
434,clinic,,Gujranwala,78.50827892387134,4965.65283203125,106,63.25005337139528
435,clinic,,Gujranwala,78.50827892387134,11115.6826171875,109,141.58612020989864
436,clinic,Akram Shaheed Memorial Clinic,Rawalpindi,78.50827892387134,2062.5302734375,101,26.271500301739056
437,clinic,Zubair,Rawalpindi,78.50827892387134,9866.5166015625,112,125.67485540130052
438,clinic,,Rawalpindi,78.50827892387134,2843.155029296875,113,36.21471605630092
439,clinic,Medical Store,Rawalpindi,78.50827892387134,5697.31591796875,111,72.5696193581492
440,clinic,RHC,Rawalpindi,78.50827892387134,640.5744018554688,86,8.159322948304943
441,clinic,,Rawalpindi,78.50827892387134,10730.1689453125,110,136.67563589971743
442,clinic,Primary Health Center,Rawalpindi,78.50827892387134,1308.3668212890625,106,16.665335671894834
443,clinic,RHC Qazian,Rawalpindi,78.50827892387134,1973.4915771484375,101,25.137369003619497
444,clinic,,Rawalpindi,78.50827892387134,1550.638427734375,108,19.7512727191232
445,clinic,MNHC (Maryam Nawaz Health Clinic,Rawalpindi,78.50827892387134,835.60595703125,98,10.64353936279164
446,clinic,RHC Mandra,Rawalpindi,78.50827892387134,1468.9091796875,110,18.71024559221182
447,clinic,Basic Health Unit,Rawalpindi,78.50827892387134,563.3595581054688,97,7.175798091966232
448,clinic,Piyal Clinic,Rawalpindi,78.50827892387134,1523.34326171875,103,19.403600264832196
449,clinic,Nawaz Memorial,Rawalpindi,78.50827892387134,9143.3935546875,111,116.46406824882447
450,clinic,Hearts International,Rawalpindi,78.50827892387134,16935.634765625,113,215.71781979894513
451,clinic,Bangash Clinic,Rawalpindi,78.50827892387134,16302.0400390625,112,207.64740053555903
452,clinic,Healthways,Rawalpindi,78.50827892387134,14788.2666015625,109,188.3656960038893
453,clinic,Humdard Dawakhana,Rawalpindi,78.50827892387134,14970.6748046875,110,190.68912234344617
454,clinic,Patient Care Centre,Rawalpindi,78.50827892387134,12903.806640625,111,164.36236811582236
455,clinic,Rawalpindi Institute of Cardiology,Rawalpindi,78.50827892387134,14062.408203125,109,179.12006728310996
456,clinic,Laprosy Hospital,Rawalpindi,78.50827892387134,20884.89453125,108,266.02155616609383
457,clinic,Haji Muhammad Bashir مطب ہڈی جوڑ,Rawalpindi,78.50827892387134,19605.9609375,108,249.73112652885558
458,clinic,Doctor Tariq Ghani clinic,Rawalpindi,78.50827892387134,21873.79296875,108,278.6176600554546
459,clinic,Speech Therapy STCICLD,Rawalpindi,78.50827892387134,19863.927734375,108,253.01698122355788
460,clinic,Eidhi,Rawalpindi,78.50827892387134,23331.353515625,113,297.1833523219783
461,clinic,Prof Dr. Aslam Chaudhry ENT Specilist,Rawalpindi,78.50827892387134,22131.98828125,109,281.90642547025084
462,clinic,BHU Bella Singh Kokera,Bahawalpur,78.50827892387134,3536.635009765625,92,45.04792434941878
463,clinic,Sufi Dawakhana,Lahore,78.50827892387134,20468.392578125,106,260.71635830882224
464,clinic,CMH Chunian,Lahore,78.50827892387134,3050.21044921875,104,38.85208657008654
465,clinic,حکیم کالی ریحان,Lahore,78.50827892387134,2959.73779296875,99,37.69969019240349
466,clinic,Sarfraz clinic,Lahore,78.50827892387134,23267.2265625,103,296.36653460537565
467,clinic,Pak Red Crescent Medical and Dental College,Lahore,78.50827892387134,7168.173828125,109,91.30468692449497
468,clinic,د طارق لطیف طبي مرکز.,Lahore,78.50827892387134,2524.330322265625,107,32.15368311300572
469,clinic,Derma and Dental Clinic,Lahore,78.50827892387134,2249.121337890625,107,28.648205879937507
470,clinic,Ali Medical Center,Lahore,78.50827892387134,10962.6689453125,106,139.63710701062348
471,clinic,Alnoor Poly Clinic,Lahore,78.50827892387134,19169.21484375,109,244.16806872480527
472,clinic,Health Plus Speciality Clinics,Lahore,78.50827892387134,9171.603515625,106,116.82339291272208
473,clinic,,Lahore,78.50827892387134,14892.8408203125,109,189.6977111771095
474,clinic,New  Roshni General Hospital,Lahore,78.50827892387134,2358.198486328125,75,30.03757716577694
475,clinic,Roshni General Hospital,Lahore,78.50827892387134,3076.428466796875,92,39.186038835217055
476,clinic,Basic Health Unit (BHU),Lahore,78.50827892387134,194.88946533203125,67,2.48240654365909
477,clinic,Basic Health unit (BHU),Lahore,78.50827892387134,2237.80517578125,83,28.504066150160114
478,clinic,Fauji Foundation Dispensary,Lahore,78.50827892387134,26480.44921875,111,337.29499081781955
479,clinic,Khadija Poly Clinic,Lahore,78.50827892387134,13573.4267578125,107,172.89166115811187
480,clinic,DLO SKP,Lahore,78.50827892387134,27142.69921875,113,345.7304069175939
481,clinic,Abida Clinic,Lahore,78.50827892387134,20521.4140625,112,261.391720004452
482,clinic,Fountain house farooqa abad,Lahore,78.50827892387134,521.0671997070312,78,6.6370987474111445
483,clinic,Rural Health Centre Jandiala Sher khan,Lahore,78.50827892387134,444.6668395996094,71,5.663948384740394
484,clinic,THQ hospital nowshera virkan,Gujranwala,78.50827892387134,17840.02734375,110,227.23752944640765
485,clinic,دیہی مرکز صحت کالیکی منڈی,Gujranwala,78.50827892387134,1875.057861328125,95,23.883568548819532
486,clinic,BHU CHAK CHAUDHRY,Gujranwala,78.50827892387134,2719.59375,90,34.64085300656204
487,clinic,choohar chak gujranwala,Gujranwala,78.50827892387134,903.5966796875,71,11.509571883032976
488,clinic,ٹراما سینٹر حافظ آباد,Gujranwala,78.50827892387134,3056.725830078125,110,38.935076299942835
489,clinic,,Gujranwala,78.50827892387134,14004.5234375,107,178.38275949317446
490,clinic,Al-Raee Hospiatl,Gujranwala,78.50827892387134,27153.61328125,109,345.8694248995138
491,clinic,Idreesia Medical Complex,Gujranwala,78.50827892387134,23163.97265625,112,295.05133692603124
492,clinic,Hakeem Amjad,Gujranwala,78.50827892387134,24359.046875,106,310.2736069226624
493,clinic,Gondal Medical Complex,Gujranwala,78.50827892387134,22931.263671875,107,292.0872038745265
494,clinic,Rahat Dental and Health Care,Gujranwala,78.50827892387134,24847.1640625,106,316.49100455499774
495,clinic,Cheema Heart Complex,Gujranwala,78.50827892387134,24687.67578125,111,314.45952095306257
496,clinic,Hasan Clinic,Gujranwala,78.50827892387134,24593.60546875,108,313.26129939236296
497,clinic,Chaudhry Lab & Digital X-Ray Clinic,Gujranwala,78.50827892387134,25475.798828125,109,324.4982462655768
498,clinic,Dr. Nabila Bashir,Gujranwala,78.50827892387134,22040.732421875,107,280.74405303481007
499,clinic,Health care Centre,Gujranwala,78.50827892387134,5724.185546875,105,72.91187152918845
500,clinic,CMH Gujranwala,Gujranwala,78.50827892387134,5176.33251953125,109,65.93358803025966
501,clinic,Raza Medical Complex,Gujranwala,78.50827892387134,10697.3125,111,136.25712659391084
502,clinic,Wazirabad Institute of Cardiology,Gujranwala,78.50827892387134,3360.96630859375,110,42.810342484425675
503,clinic,physiothrapist,Gujranwala,78.50827892387134,14842.56640625,107,189.05734031748017
504,clinic,,Gujranwala,78.50827892387134,14214.0322265625,111,181.05137982130137
505,clinic,medical lab,Gujranwala,78.50827892387134,15739.8388671875,111,200.48635739996615
506,clinic,Eman Pharmacy,Gujranwala,78.50827892387134,1853.5552978515625,108,23.609679428190443
507,clinic,Liaqat Medical Store,Gujranwala,78.50827892387134,6355.06640625,110,80.94772288171598
508,clinic,Zoha Clinic,Gujranwala,78.50827892387134,19273.830078125,108,245.5006063349654
509,clinic,Saaem Surgical & Maternity Home,Gujranwala,78.50827892387134,21434.705078125,111,273.0247735899294
510,clinic,ayesha ilyas,Gujranwala,78.50827892387134,20637.69921875,106,262.8729033629964
511,clinic,الاحمد کلینک,Gujranwala,78.50827892387134,20478.078125,105,260.8397280604938
512,clinic,Kidney Center,Gujranwala,78.50827892387134,21096.513671875,109,268.7170571186775
513,clinic,Atiya Clinic,Gujranwala,78.50827892387134,20636.04296875,109,262.85180686180314
514,clinic,Ali Children,Gujranwala,78.50827892387134,19794.4375,106,252.13184865757225
515,clinic,neuro & trumma center,Gujranwala,78.50827892387134,8487.1748046875,109,108.10547525716905
516,clinic,Hashmat Medical Complex,Gujranwala,78.50827892387134,17495.1953125,110,222.84522794678645
517,clinic,Punjab Medical Center,Gujranwala,78.50827892387134,12507.806640625,111,159.31831409466622
518,clinic,Habib Clinic,Gujranwala,78.50827892387134,2519.82421875,94,32.096286573718515
519,clinic,,Gujranwala,78.50827892387134,2184.29052734375,108,27.822422772276457
520,clinic,Amir Javid medical complex,Gujranwala,78.50827892387134,10797.759765625,108,137.53657465979447
521,clinic,BHU Guliana Tibi Gangaram,Gujranwala,78.50827892387134,370.8199768066406,92,4.723323220041811
522,clinic,Al Khidmat Clinic,Gujranwala,78.50827892387134,3410.599609375,107,43.442547157124956
523,clinic,THQ Sarae Alam Gir,Gujranwala,78.50827892387134,6163.8994140625,108,78.51273137753496
524,clinic,Dantist,Gujranwala,78.50827892387134,7841.7919921875,111,99.8849051294527
525,clinic,Rescue 1122,Rawalpindi,78.50827892387134,6946.54296875,111,88.48166160266983
526,clinic,Citi clinic,Rawalpindi,78.50827892387134,1500.38037109375,107,19.111110212321087
527,clinic,بنیادی مرکز صحت,Rawalpindi,78.50827892387134,6078.8564453125,106,77.42949569951857
528,clinic,Dr. Shahzad Anwar Acupuncturist & Pain Management Consultant,Lahore,78.50827892387134,25428.599609375,111,323.89704573746735
529,clinic,Noor Clinic,Lahore,78.50827892387134,26301.958984375,111,335.02146964500054
530,clinic,Laboratory,Lahore,78.50827892387134,24857.58984375,111,316.62380304953757
531,clinic,Al shifa medical centre,Lahore,78.50827892387134,9948.640625,107,126.7209109837587
532,clinic,Dr Muhammad Arsalan Butt - Iqra Medical Complex Johar Town,Lahore,78.50827892387134,31561.693359375,113,402.0173896561921
533,clinic,Abdul rahman home,Lahore,78.50827892387134,28108.78515625,112,358.03593635655665
534,clinic,Zeerak Matab (Herbal & Hijama),Lahore,78.50827892387134,29035.779296875,108,369.84353363586905
535,clinic,Dental Experts Johar Town Lahore,Lahore,78.50827892387134,29996.37890625,107,382.0791809146291
536,clinic,Hafeez Eye Centre,Lahore,78.50827892387134,23656.05859375,106,301.31928655179195
537,clinic,Shazia Zahid Medical Centre,Lahore,78.50827892387134,28224.791015625,107,359.51356216831965
538,clinic,,Lahore,78.50827892387134,20189.458984375,108,257.1634388260187
539,clinic,Al-Nasar,Lahore,78.50827892387134,28987.421875,107,369.22758048369394
540,clinic,First Medical,Lahore,78.50827892387134,29583.849609375,110,376.82458480668197
541,clinic,National Medical Centre,Lahore,78.50827892387134,23928.736328125,105,304.7925219622818
542,clinic,بخاری لیبز الرجی سنٹر,Lahore,78.50827892387134,24052.0625,109,306.3633903288471
543,clinic,S and S Skincare,Lahore,78.50827892387134,15822.3037109375,105,201.53675418461563
544,clinic,The Dental Suite by Dr. Mujtaba Anwar,Lahore,78.50827892387134,20795.69921875,108,264.8854299673971
545,clinic,pimraCare Clinic by Dr.AliArshed,Lahore,78.50827892387134,15775.150390625,107,200.93613828831985
546,clinic,Wilcare Clinic,Lahore,78.50827892387134,22400.51171875,108,285.32674548211077
547,clinic,Tech Medical Centre,Lahore,78.50827892387134,14545.55078125,103,185.2741007780169
548,clinic,Kalim Medical Center,Lahore,78.50827892387134,15892.083984375,106,202.42558112610502
549,clinic,Dr. Shahid Iqbal,Lahore,78.50827892387134,22584.173828125,107,287.6661434652597
550,clinic,Sarwat Anwer Medical Complex,Lahore,78.50827892387134,13830.4931640625,110,176.16604711808526
551,clinic,Cardiology Department,Lahore,78.50827892387134,26377.44140625,104,335.9829277601147
552,clinic,Dr. Altaf Cheema,Lahore,78.50827892387134,25023.4453125,108,318.7363887669092
553,clinic,Dr. Nighat Tahira Consultant Acupuncturist,Lahore,78.50827892387134,22275.794921875,106,283.7381640154869
554,clinic,PU Health Center,Lahore,78.50827892387134,12503.8896484375,107,159.2684213669031
555,clinic,Hussain Clinic,Lahore,78.50827892387134,26661.0703125,105,339.5956538335653
556,clinic,Dr. Zahid Hussain,Lahore,78.50827892387134,27369.6796875,107,348.62157294315534
557,clinic,,Lahore,78.50827892387134,22918.86328125,105,291.92925377302157
558,clinic,Al-Mansoor Pharmacy,Lahore,78.50827892387134,27835.77734375,107,354.5584965725979
559,clinic,Prof. Dr. Atif Kazmi,Lahore,78.50827892387134,26806.587890625,111,341.44918546258117
560,clinic,Shaikh Zayed Medical Complex,Lahore,78.50827892387134,21917.943359375,107,279.1800261043628
561,clinic,ډاکټر آصف رانا,Lahore,78.50827892387134,20484.23828125,109,260.9181931132811
562,clinic,Hameed Latif,Lahore,78.50827892387134,19082.203125,104,243.05975607367233
563,clinic,Dr. Mehmood Ali Malik,Lahore,78.50827892387134,25212.59375,107,321.1456689102609
564,clinic,Singapore Medical Centre,Lahore,78.50827892387134,31460.826171875,110,400.7325928311616
565,clinic,Al Razi Healthcare,Lahore,78.50827892387134,30564.990234375,106,389.3218734805478
566,clinic,ادریس پولی کلینیک,Lahore,78.50827892387134,30681.501953125,106,390.8059426812366
567,clinic,Pakistan Society for Rehabilitation of The Disabled,Lahore,78.50827892387134,30241.646484375,107,385.2032791815499
568,clinic,Alnoor Clinical Laboratory,Lahore,78.50827892387134,26517.146484375,105,337.762422611358
569,clinic,Amina Medical Complex,Lahore,78.50827892387134,27740.9140625,111,353.35017456439306
570,clinic,Advanced Medical Centre,Lahore,78.50827892387134,24433.634765625,107,311.2236709368962
571,clinic,Dr Sadaqat Balouch (Withdrawal Specialist),Lahore,78.50827892387134,25987.37109375,108,331.01440319370244
572,clinic,Surgical Unit 1 HO Room,Lahore,78.50827892387134,27340.892578125,111,348.25489684517447
573,clinic,,Lahore,78.50827892387134,22595.890625,109,287.81538628443246
574,clinic,Badar Medical Complex,Lahore,78.50827892387134,30880.458984375,105,393.34015988707966
575,clinic,National Eye Centre,Lahore,78.50827892387134,32496.62890625,106,413.92614067825434
576,clinic,Dr Khalil's clinic,Lahore,78.50827892387134,33200.671875,105,422.8938951418658
577,clinic,Department of Psychiatry,Lahore,78.50827892387134,27953.525390625,108,356.0583135153331
578,clinic,Centre for Nuclear Medicine,Lahore,78.50827892387134,29299.4296875,111,373.20178316367566
579,clinic,,Lahore,78.50827892387134,30724.2109375,107,391.3499488033988
580,clinic,,Lahore,78.50827892387134,31615.470703125,113,402.7023791182863
581,clinic,Grand Trunk Road گرینڈ ٹرنک روڈ,Lahore,78.50827892387134,26840.912109375,110,341.8863905474523
582,clinic,,Lahore,78.50827892387134,25041.255859375,106,318.9632507885855
583,clinic,Al-Sami Clinic,Lahore,78.50827892387134,31059.19921875,107,395.61686543743724
584,clinic,ڈاکٹر رفیع کلینکs,Lahore,78.50827892387134,28815.044921875,107,367.0319272928738
585,clinic,PrimeCare Medical Complex,Lahore,78.50827892387134,23889.162109375,106,304.2884449490998
586,clinic,moon medical store,Lahore,78.50827892387134,26962.828125,104,343.439297034464
587,clinic,Amna Memorial Children Hospital,Lahore,78.50827892387134,22200.359375,105,282.77730297116125
588,clinic,Punjab Social Security,Lahore,78.50827892387134,14005.8486328125,105,178.39963918192404
589,clinic,The Bilal's Clinic,Gujranwala,78.50827892387134,27347.400390625,106,348.3377901729764
590,clinic,Gujranwala Institute of Nuclear Medicine,Gujranwala,78.50827892387134,9811.751953125,105,124.97729013572382
591,clinic,,Gujranwala,78.50827892387134,17335.32421875,109,220.80886826674524
592,clinic,Markaz e seht karianwala,Gujranwala,78.50827892387134,419.57659912109375,71,5.344361191868093
593,clinic,Daniyal medical Store bhangirianwala,Gujranwala,78.50827892387134,2390.61328125,86,30.450460945248242
594,clinic,Qamer Clinic & Maternity Home,Lahore,78.50827892387134,27783.580078125,107,353.89363337166577
595,clinic,DHQ Hospotal,Lahore,78.50827892387134,22997.04296875,107,292.92506833642335
596,clinic,ذیرک مطب ہربل اور حجامہ۔,Lahore,78.50827892387134,7533.01025390625,108,95.95179460259129
597,clinic,Hijama Medication & Cupping Therapy,Lahore,78.50827892387134,12314.111328125,105,156.85111808483109
598,clinic,ساو آن طبي مرکز,Lahore,78.50827892387134,27632.46875,110,351.9688512952235
599,clinic,DHA Medical Center Phase III,Lahore,78.50827892387134,23952.3125,104,305.0928236909423
600,clinic,Dr Khurshid Clinic,Lahore,78.50827892387134,25195.69140625,108,320.93037513511155
601,clinic,"Defence Skin, Laser & Cosmetology Clinic",Lahore,78.50827892387134,27068.96875,104,344.7912643231995
602,clinic,Jugnu Dar Ul Basarat,Lahore,78.50827892387134,29100.185546875,107,370.6639088992531
603,clinic,Al-Khair Homeopathic Clinic & Medical Store,Lahore,78.50827892387134,28169.54296875,109,358.8098396102367
604,clinic,,Lahore,78.50827892387134,29791.533203125,109,379.4699566909821
605,clinic,Nazar Homeo Herbal clinic,Lahore,78.50827892387134,25693.83203125,105,327.27544640438543
606,clinic,Farzana Clinic,Lahore,78.50827892387134,25328.359375,108,322.62023473423284
607,clinic,Shaukat Khanum Laboratory,Lahore,78.50827892387134,23973.474609375,107,305.3623762739956
608,clinic,Hassan Medical Center,Lahore,78.50827892387134,23839.939453125,106,303.6614708652872
609,clinic,qazi clinic,Lahore,78.50827892387134,24976.064453125,107,318.1328745894943
610,clinic,Dr Amir Homeopathic Clinic,Lahore,78.50827892387134,22434.50390625,107,285.75972131556347
611,clinic,Noor Clinic,Lahore,78.50827892387134,15468.9033203125,107,197.03531312044854
612,clinic,Al Mairah Dental and Cosmetics Clinic,Lahore,78.50827892387134,28024.64453125,106,356.9641942912187
613,clinic,,Lahore,78.50827892387134,29374.48828125,108,374.1578427637439
614,clinic,IOM Health Assessment Centre,Lahore,78.50827892387134,19397.42578125,107,247.0749078585646
615,clinic,Medivision Poly Clinic,Lahore,78.50827892387134,25036.005859375,107,318.89637886027475
616,clinic,Hearing Clinic,Lahore,78.50827892387134,27366.140625,110,348.57649409862444
617,clinic,الشوکات میڈیکل اینڈ کڈنی سینٹر,Lahore,78.50827892387134,21657.884765625,107,275.8675271257242
618,clinic,"Basic Health Unit (BHU), Mahalla, Lahore",Lahore,78.50827892387134,8684.6201171875,105,110.62043693008333
619,clinic,Punjab Medical Center,Lahore,78.50827892387134,19918.333984375,108,253.70998138539758
620,clinic,Mian Medical Complex,Lahore,78.50827892387134,20734.654296875,107,264.1078696551376
621,clinic,Ammar Medical Complex,Lahore,78.50827892387134,20227.125,104,257.6432100825192
622,clinic,د پنجاب ذهني روغتیا انسټیټیوټ,Lahore,78.50827892387134,21656.994140625,108,275.8561827807429
623,clinic,Rana Laser Ent Centre,Lahore,78.50827892387134,18132.216796875,107,230.95929557260604
624,clinic,Mother And Child Health Clinic,Lahore,78.50827892387134,1499.734619140625,94,19.10288494026091
625,clinic,Punjab Institute of Cardiology,Lahore,78.50827892387134,19434.5703125,112,247.54803670254316
626,clinic,CMH Lahore,Lahore,78.50827892387134,14609.125,104,186.08387803490527
627,clinic,Lahore Medical Complex,Lahore,78.50827892387134,20317.193359375,109,258.79045672465156
628,clinic,Diabetic's Institute of Pakistan,Lahore,78.50827892387134,15362.048828125,105,195.67425294116327
629,clinic,Ariba Gynae Clinic,Lahore,78.50827892387134,27001.703125,108,343.93446774171764
630,clinic,حمزہ میڈیکل کمپلیکس,Lahore,78.50827892387134,26269.443359375,106,334.60730154138525
631,clinic,Good Hope Clinic,Lahore,78.50827892387134,19409.92578125,106,247.234126735495
632,clinic,Zahid Health Home,Lahore,78.50827892387134,11107.443359375,105,141.4811725798469
633,clinic,Mother Care Center,Lahore,78.50827892387134,30406.44921875,105,387.30245568413
634,clinic,"Basic Health Unit (BHU), Chappa, Lahore",Lahore,78.50827892387134,572.67236328125,89,7.294420042459017
635,clinic,Government Dispenser,Lahore,78.50827892387134,29847.373046875,108,380.18121726776974
636,clinic,Fazal children & Gynaecologist clinic,Lahore,78.50827892387134,20278.9375,105,258.3031723273958
637,clinic,الشاد طبي مرکز,Lahore,78.50827892387134,29105.966796875,105,370.73754762983344
638,clinic,Naseem Bashir hospital,Lahore,78.50827892387134,29321.59765625,105,373.48414789073195
639,clinic,THQ Manawan,Lahore,78.50827892387134,10162.86328125,105,129.44957424305304
640,clinic,"Basical Health Unit, Dograi Kalan, Lahore",Lahore,78.50827892387134,8199.271484375,108,104.43830379119312
641,clinic,"Dr. Sindhu Ear, Nose specialist",Lahore,78.50827892387134,31198.978515625,107,397.3973056507623
642,clinic,Sughra Shafi Medical Complex,Gujranwala,78.50827892387134,3012.057861328125,99,38.36611759441174
643,clinic,BHU Siranwali,Gujranwala,78.50827892387134,3623.56689453125,96,46.15522011436507
644,clinic,Akram Hospital,Gujranwala,78.50827892387134,9261.2578125,104,117.96536542955609
645,clinic,THQ,Gujranwala,78.50827892387134,23428.9765625,106,298.42682687285543
646,clinic,,Gujranwala,78.50827892387134,3603.3271484375,107,45.89741614297275
647,clinic,Hakeem Aslam Medical Complex,Gujranwala,78.50827892387134,2519.9677734375,106,32.09811510300826
648,clinic,Daska-Pasrur Road,Gujranwala,78.50827892387134,5514.88720703125,107,70.24593180012236
649,clinic,DOCTORS HEART & MEDICAL CENTER SIALKOT,Gujranwala,78.50827892387134,22702.91796875,110,289.1786481622503
650,clinic,Homeopathic Clinic Rana Arif Luqmani,Gujranwala,78.50827892387134,22649.830078125,109,288.5024406163368
651,clinic,Dr Sadia Saboor Clinic,Gujranwala,78.50827892387134,25286.4140625,107,322.0859558903332
652,clinic,Dr Sohail Anjum Khan Clinic,Gujranwala,78.50827892387134,26568.720703125,109,338.4193497463931
653,clinic,Khwaja Muhammad Safdar Medical College,Gujranwala,78.50827892387134,16849.041015625,111,214.61483102900954
654,clinic,,Gujranwala,78.50827892387134,13113.876953125,107,167.03814085443636
655,clinic,BHU,Gujranwala,78.50827892387134,22067.5390625,108,281.0855028919773
656,clinic,Government Rural Health Centre Tanda,Gujranwala,78.50827892387134,7920.0390625,110,100.88157798211293
657,clinic,Lady's Healthcare Centre,Gujranwala,78.50827892387134,9692.0986328125,113,123.45320475323152
658,clinic,Dr. Sabar Clinic Tanda,Gujranwala,78.50827892387134,10511.5341796875,110,133.89077335245656
659,hospital,Rahim yar khan hospital,Bahawalpur,78.50827892387147,4889.7470703125,104,62.283202960722505
660,hospital,شیخ زید ہسپتال,Bahawalpur,78.50827892387147,10932.2490234375,102,139.24963294684335
661,hospital,Rehab general Hospital,Bahawalpur,78.50827892387147,7179.9384765625,101,91.45453925343084
662,hospital,Tehsil Head Quarter Hospital KhanPur,Bahawalpur,78.50827892387174,12290.3466796875,104,156.54841563404108
663,hospital,THQ Hospital LiaqatPur,Bahawalpur,78.50827892387174,7355.89013671875,104,93.69572531136038
664,hospital,DHQ Hospital,Dera Ghazi Khan,78.50827892387147,10663.392578125,102,135.82507124459016
665,hospital,Zafar Hospital (Medical and Surgical Complex + Maternity Home),Bahawalpur,78.5082789238714,13870.953125,106,176.6814062813746
666,hospital,Shikrani Hospital,Bahawalpur,78.5082789238714,16499.84375,103,210.16692731221013
667,hospital,Baksh Hospital,Bahawalpur,78.5082789238714,15621.27734375,104,198.9761787912556
668,hospital,Rasheed Hospital,Bahawalpur,78.5082789238714,10492.056640625,105,133.64267800086446
669,hospital,Government Hospital,Dera Ghazi Khan,78.50827892387174,11993.64453125,106,152.76916900547585
670,hospital,Dr.Ishfaq Ali Kazmi Hospital,Dera Ghazi Khan,78.50827892387174,4196.6728515625,106,53.45516306161734
671,hospital,ٹی ایچ کیو ہسپتال,Dera Ghazi Khan,78.50827892387174,14357.90625,105,182.88397665579498
672,hospital,ISMAIL EYE HOSPITAL,Multan,78.5082789238714,12372.4921875,107,157.59474487394465
673,hospital,Civil Hospital,Dera Ghazi Khan,78.50827892387144,760.6658935546875,98,9.688989543284935
674,hospital,Rafif Laeq Hospital,Multan,78.5082789238714,1460.001953125,102,18.596789703424115
675,hospital,DHQ Teaching Hospital,Dera Ghazi Khan,78.50827892387174,14278.142578125,107,181.86798607533217
676,hospital,Hospital Chowk,Dera Ghazi Khan,78.50827892387174,16211.6748046875,107,206.49637244509856
677,hospital,Ali Hospital,Dera Ghazi Khan,78.50827892387174,15344.66796875,104,195.45286406838042
678,hospital,The Indus Hospital,Dera Ghazi Khan,78.50827892387174,379.2096252441406,82,4.830186452206579
679,hospital,Al Asar Hospital,Dera Ghazi Khan,78.50827892387174,19917.24609375,107,253.69612436751345
680,hospital,Civil Hospital,Multan,78.5082789238714,3058.431640625,106,38.95680407910517
681,hospital,Faiz hospital,Multan,78.5082789238714,16416.78125,107,209.10891787500742
682,hospital,YCDO Hospital,Multan,78.5082789238714,15957.244140625,109,203.2555592780038
683,hospital,Khaja Farid Hospital,Multan,78.5082789238714,16059.658203125,106,204.56005943905444
684,hospital,Faisal Hospital,Multan,78.5082789238714,19958.50390625,106,254.22164617318305
685,hospital,Railway Hospital,Multan,78.5082789238714,17721.947265625,107,225.73348325225388
686,hospital,Family Hospital,Dera Ghazi Khan,78.50827892387174,8715.7158203125,107,111.01651876439674
687,hospital,مشنری ہسپتال,Multan,78.5082789238714,15040.78125,106,191.58210390250534
688,hospital,Medicare Hospital,Multan,78.5082789238714,18211.21875,106,231.96558375275575
689,hospital,Combined Military Hospital (CMH),Multan,78.5082789238714,11362.7890625,107,144.73364106629276
690,hospital,عظیم ہسپتال,Multan,78.5082789238714,18955.259765625,103,241.44281374459504
691,hospital,سول ہسپتال,Multan,78.5082789238714,23988.810546875,107,305.5577179336294
692,hospital,Punjab Hospital,Multan,78.5082789238714,18617.08203125,106,237.1352714189898
693,hospital,Spring Hospital,Multan,78.5082789238714,18613.927734375,106,237.09509353051436
694,hospital,Akhter Sultana Memorial Hospital,Multan,78.5082789238714,22103.873046875,106,281.54830738690475
695,hospital,Nishtar Hospital,Multan,78.5082789238714,14302.7734375,104,182.18172189673447
696,hospital,Ummer Hospital,Multan,78.5082789238714,19709.427734375,106,251.04903590469752
697,hospital,Wapda Hospital,Multan,78.5082789238714,20086.783203125,106,255.8556050197321
698,hospital,Faisal Hospital,Multan,78.5082789238714,20596.5546875,107,262.3488244783999
699,hospital,Gulfam Basharat General Hospital,Multan,78.5082789238714,20308.49609375,105,258.6796752154371
700,hospital,City Hospital,Multan,78.5082789238714,19287.1484375,105,245.6702490727447
701,hospital,Mukhtar A Sheikh Hospital,Multan,78.5082789238714,13482.59765625,104,171.73472455464122
702,hospital,Gulzar Hospital,Multan,78.5082789238714,18467.884765625,106,235.23486973307746
703,hospital,Qadir Bakhsh Hospital,Dera Ghazi Khan,78.50827892387174,1513.4532470703125,106,19.27762610282012
704,hospital,Ammar General Hospital,Dera Ghazi Khan,78.50827892387174,11781.4736328125,106,150.0666400321527
705,hospital,Civil Hospital & Emergency,Dera Ghazi Khan,78.5082789238714,3489.03759765625,101,44.44165182935077
706,hospital,Mian Hospital,Dera Ghazi Khan,78.5082789238714,4551.93359375,95,57.98030037270284
707,hospital,DHQ Hospital,Dera Ghazi Khan,78.50827892387174,7375.05126953125,107,93.93979043513006
708,hospital,DHQ Hospital,Sargodha,78.50827892387174,4421.43212890625,106,56.31803663908674
709,hospital,PAEC Hospital,Sargodha,78.5082789238714,5519.2333984375,101,70.30129145729254
710,hospital,Tahir Hospital,Sargodha,78.5082789238714,2999.61181640625,81,38.20758597083678
711,hospital,Dr Tahir Bashir Children Hospital,Sargodha,78.5082789238714,8228.0009765625,108,104.80424598966309
712,hospital,District Headquarter Hospital,Sargodha,78.5082789238714,6244.466796875,106,79.53895923422535
713,hospital,Nishtar Hospital,Sargodha,78.5082789238714,5475.009765625,106,69.73799248527733
714,hospital,Combined Military Hospital (CMH) Bahawalpur,Bahawalpur,78.5082789238714,15767.25390625,102,200.83555673840883
715,hospital,IUB Hospital,Bahawalpur,78.5082789238714,842.6082763671875,100,10.732731476437731
716,hospital,Bahawal Victoria Hospital,Bahawalpur,78.5082789238714,12191.9091796875,104,155.2945669782146
717,hospital,Women Hospital,Bahawalpur,78.5082789238714,9348.669921875,102,119.07877806034062
718,hospital,Bahawalpur Hospital,Bahawalpur,78.5082789238714,10135.283203125,106,129.09827271787566
719,hospital,Government veterinary hospital,Bahawalpur,78.50827892387134,2242.9443359375,106,28.569526254835615
720,hospital,Dr.Haider Hospital,Multan,78.5082789238714,13161.4326171875,107,167.64388160833323
721,hospital,THQ Hospital,Bahawalpur,78.50827892387134,15004.7822265625,106,191.12356597592057
722,hospital,"THQ Hospital, Chishtian",Bahawalpur,78.50827892387134,10987.486328125,106,139.95321867620422
723,hospital,Tehsil Head Quatar Hospital Jahanian,Multan,78.5082789238714,10068.169921875,106,128.24341661645636
724,hospital,Al-Noor Hospital,Multan,78.5082789238714,15578.017578125,105,198.4251570873287
725,hospital,Tehsile headquarts hospital,Multan,78.5082789238714,13113.48828125,105,167.0331901424817
726,hospital,THQ Hospital Kamalia,Faisalabad,78.50827892387134,4923.53515625,104,62.71357904845043
727,hospital,THQ Hospital,Faisalabad,78.5082789238714,14157.12890625,111,180.32657320099972
728,hospital,vetenary hospital,Faisalabad,78.5082789238714,12525.837890625,107,159.54798732463826
729,hospital,I & General Hospital,Faisalabad,78.50827892387134,7227.34375,109,92.05836440521489
730,hospital,DHQ Hospital Jhang Sadar,Faisalabad,78.5082789238714,9203.373046875,103,117.2280576396205
731,hospital,Gyane Hospital,Faisalabad,78.5082789238714,14671.072265625,111,186.87293195984304
732,hospital,Fazil Hospital,Faisalabad,78.50827892387134,10039.3740234375,109,127.87662856770272
733,hospital,Ali Hospital,Faisalabad,78.50827892387134,15619.4501953125,110,198.95290546947942
734,hospital,Noor Samand Hospital,Faisalabad,78.50827892387134,14016.0234375,104,178.52924085995048
735,hospital,Rahman Hospital,Faisalabad,78.50827892387134,17584.158203125,107,223.97839366949026
736,hospital,Government Veterinary Hospital Chak No 220 RB Faisalabad,Faisalabad,78.50827892387134,24892.275390625,109,317.06561055506995
737,hospital,Tahir Hospital,Faisalabad,78.50827892387134,25654.51953125,105,326.77470303643923
738,hospital,Independent University Hospital,Faisalabad,78.50827892387134,19977.64453125,107,254.46545007848297
739,hospital,Independent University Hospital,Faisalabad,78.50827892387134,16853.712890625,108,214.6743390842623
740,hospital,LRBT Chiniot - Free Eye Hospital,Faisalabad,78.50827892387134,21251.84765625,104,270.69562532198285
741,hospital,ڈی ایچ کیو ہسپتال,Faisalabad,78.50827892387134,18079.791015625,106,230.29152165158
742,hospital,خالد ہسپتال,Faisalabad,78.50827892387134,11784.5693359375,113,150.10607158214324
743,hospital,فضلِ عُمر ہسپتال,Faisalabad,78.50827892387134,9229.8701171875,108,117.56556434178883
744,hospital,طاہر ہومیوپیتھی ہسپتال و ریسرچ اسٹیٹیوٹ,Faisalabad,78.50827892387134,9644.1630859375,110,122.84262523815283
745,hospital,PAF Hospital,Sargodha,78.50827892387134,11611.1669921875,111,147.89735746782486
746,hospital,Fatima Jinnah Hospital,Sargodha,78.50827892387134,19329.111328125,109,246.20475181819023
747,hospital,khawaja Arshad Hospital,Sargodha,78.50827892387134,19619.119140625,108,249.89872927477438
748,hospital,Rabia International Hospital,Sargodha,78.50827892387134,20004.625,107,254.8091140731575
749,hospital,Muhammad Hospital,Sargodha,78.5082789238714,8723.5517578125,110,111.11632909787298
750,hospital,Noor Memorial Hospital,Sargodha,78.5082789238714,9437.2421875,107,120.20696819314034
751,hospital,Robina Shaheen Hospital,Sargodha,78.5082789238714,7845.69921875,109,99.93467346746814
752,hospital,Bhatti Hospital,Sargodha,78.5082789238714,5270.50830078125,106,67.13315300023329
753,hospital,تحصیل ہیڈ کوارٹر ہسپتال نوشہرہ,Sargodha,78.5082789238714,3937.665283203125,108,50.15605152956461
754,hospital,PAF hospital,Sargodha,78.5082789238714,4690.72412109375,106,59.7481461240832
755,hospital,Mines Labor Welfare Hospital,Rawalpindi,78.50827892387134,6004.49267578125,106,76.48228642999223
756,hospital,Bori Khel Hospital,Sargodha,78.5082789238714,1363.1103515625,104,17.362631944642335
757,hospital,Fauji Foundation Hospital,Rawalpindi,78.50827892387134,2111.20654296875,105,26.891514779173352
758,hospital,City Hospital,Rawalpindi,78.5082789238714,10296.453125,109,131.1511762343479
759,hospital,Govt Hospital Harnia Wala,Rawalpindi,78.50827892387134,798.2222900390625,80,10.167364524868649
760,hospital,POL Hospital,Rawalpindi,78.50827892387134,4028.66259765625,106,51.31513074643761
761,hospital,General Block Hospital,Rawalpindi,78.50827892387134,26.6578311920166,10,0.3395543955035165
762,hospital,Fatima Tuz Zahra Mother &Child Hospital,Rawalpindi,78.50827892387134,497.8790283203125,86,6.341739178910043
763,hospital,Government Hospital,Rawalpindi,78.5082789238714,2355.849609375,110,30.007658321734972
764,hospital,Jaffar Hospital,Rawalpindi,78.50827892387134,785.8024291992188,108,10.009166421304473
765,hospital,Quaid-e-Azam International Hospital,Rawalpindi,78.50827892387134,11845.9052734375,109,150.88733870888126
766,hospital,HIT Hospital,Rawalpindi,78.50827892387134,7004.431640625,113,89.21901914850437
767,hospital,Doctorz Hospital,Rawalpindi,78.50827892387134,11804.7099609375,109,150.3626129975974
768,hospital,Christian Hospital Taxila,Rawalpindi,78.50827892387134,9477.083984375,110,120.71445348540666
769,hospital,Civil Hospital Taxila,Rawalpindi,78.50827892387134,8860.0029296875,108,112.85437728521538
770,hospital,POF hospital,Rawalpindi,78.50827892387134,6410.47705078125,107,81.65351652909654
771,hospital,Wah General hospital,Rawalpindi,78.50827892387134,7004.37451171875,113,89.2182914684809
772,hospital,Fatima Hospital,Rawalpindi,78.50827892387134,13707.103515625,112,174.5943702181605
773,hospital,Civil Hospital - Attock,Rawalpindi,78.5082789238714,9179.1337890625,110,116.91930984709782
774,hospital,Shokat Memorial Hospital,Rawalpindi,78.50827892387134,14154.150390625,109,180.28863432798127
775,hospital,Al-Jannat Hospital,Rawalpindi,78.5082789238714,9463.068359375,113,120.53592931964833
776,hospital,AERO Hospital,Rawalpindi,78.50827892387134,3238.372314453125,106,41.24880023918676
777,hospital,Hameed Hospital,Rawalpindi,78.5082789238714,1275.4349365234375,110,16.245865455288
778,hospital,Haider Family Hospital,Multan,78.50827892387134,13204.115234375,111,168.18755187817698
779,hospital,THQ Hospital Arifwala,Multan,78.50827892387134,8429.4912109375,107,107.37072989603413
780,hospital,Qayyum Hospital,Multan,78.50827892387134,20317.439453125,108,258.7935913462911
781,hospital,Maternity Hospital,Multan,78.50827892387134,19404.44140625,108,247.1642694532418
782,hospital,Mid City Hospital,Multan,78.50827892387134,10468.30859375,108,133.34018701264625
783,hospital,Hospital,Multan,78.50827892387134,9763.0654296875,107,124.35714504905454
784,hospital,AL Mumtaz Hospital Farooq Town,Faisalabad,78.50827892387134,23765.63671875,106,302.7150390316834
785,hospital,Rehman Hospital,Faisalabad,78.50827892387134,23887.876953125,108,304.2720752583154
786,hospital,Government General Hospital Samanabad,Faisalabad,78.50827892387134,23808.09375,107,303.2558358983574
787,hospital,Govt. General Hospital,Faisalabad,78.50827892387134,24614.224609375,108,313.5239359054496
788,hospital,Elahi General Hospital,Faisalabad,78.50827892387134,23235.908203125,106,295.96761668481633
789,hospital,Q A Awan Hospital,Faisalabad,78.50827892387134,26378.580078125,107,335.99743160468506
790,hospital,Aqsa Trust Hospital,Faisalabad,78.50827892387134,28127.861328125,111,358.2789192895222
791,hospital,Saad Surgimed Hospital,Faisalabad,78.50827892387134,28213.234375,106,359.3663593410076
792,hospital,Fauji Foundation Hospital Faisalabad,Faisalabad,78.50827892387134,29961.828125,108,381.63908998761354
793,hospital,Sughra Trust Hospital,Faisalabad,78.50827892387134,27127.142578125,109,345.53225404966406
794,hospital,Anmol Hospital,Faisalabad,78.50827892387134,26493.90625,111,337.46639989001494
795,hospital,Maqsooda Zia Hospital,Faisalabad,78.50827892387134,28867.1171875,108,367.6951983050366
796,hospital,Saint Raphael Hospital,Faisalabad,78.50827892387134,23102.380859375,111,294.266810787906
797,hospital,Faisal Hospital,Faisalabad,78.50827892387134,20983.404296875,105,267.27632530605325
798,hospital,النور ہسپتال,Faisalabad,78.50827892387134,24243.92578125,110,308.8072508220322
799,hospital,Chiniot General Hospital,Faisalabad,78.50827892387134,27400.744140625,111,349.017256730277
800,hospital,اقبال ہسپتال,Faisalabad,78.50827892387134,27611.0234375,109,351.6956914094897
801,hospital,Asghar General Hospital,Faisalabad,78.50827892387134,12963.8203125,104,165.12679287073507
802,hospital,National Hospital,Faisalabad,78.50827892387134,27972.939453125,105,356.3056003335657
803,hospital,Yaseen Memorial Hospital,Faisalabad,78.50827892387134,25337.24609375,108,322.7334294045506
804,hospital,Haleema Medicare Hospital,Faisalabad,78.50827892387134,25412.41015625,111,323.6908324138929
805,hospital,Mian Muhammad Trust Hospital,Faisalabad,78.50827892387134,15157.5068359375,107,193.06889723866672
806,hospital,Muaz Hospital,Faisalabad,78.50827892387134,22536.119140625,107,287.0540463952603
807,hospital,Omer Hospital,Faisalabad,78.50827892387134,27976.076171875,107,356.3455543204954
808,hospital,Umar Hospital,Faisalabad,78.50827892387134,12285.0986328125,109,156.4815685836806
809,hospital,Government General Hospital,Faisalabad,78.50827892387134,23813.568359375,108,303.32556879086303
810,hospital,Aziz Fatima Hospital,Faisalabad,78.50827892387134,27217.14453125,108,346.6786548415127
811,hospital,Saahil Hospital,Faisalabad,78.50827892387134,21352.240234375,106,271.9743768052799
812,hospital,Zainab General Hospital,Faisalabad,78.50827892387134,26826.376953125,109,341.7012488471217
813,hospital,Muhammad Hospital,Faisalabad,78.50827892387134,11199.865234375,109,142.65839715115132
814,hospital,Allied Hospital,Faisalabad,78.50827892387134,17257.91796875,106,219.82290537135353
815,hospital,Maqsooda Zia Executive Clinics Hospital,Faisalabad,78.50827892387134,11853.2490234375,106,150.98087979907788
816,hospital,Rathore Hospital,Faisalabad,78.50827892387134,23163.943359375,111,295.0509637567884
817,hospital,Chiniot General Hospital,Faisalabad,78.50827892387134,20596.568359375,107,262.3489986240467
818,hospital,Darul Sehat Trust Hospital,Faisalabad,78.50827892387134,18796.478515625,108,239.4203359603864
819,hospital,Tehsil Headquarter Hospital,Rawalpindi,78.50827892387134,6339.84033203125,107,80.75378060674247
820,hospital,Combined Military Hospital,Rawalpindi,78.50827892387134,16213.12109375,113,206.51479456671944
821,hospital,Farid Family Hospital,Rawalpindi,78.50827892387134,18947.90234375,111,241.34909850875195
822,hospital,Cantonment Board Gen Hospital,Rawalpindi,78.50827892387134,16080.3525390625,113,204.8236537531978
823,hospital,Al Sadiq-Saad Shaheed Hospital,Rawalpindi,78.50827892387134,13975.701171875,110,178.01563559210223
824,hospital,Maryam Mamorial Hospital,Rawalpindi,78.50827892387134,18066.28125,111,230.11944087474754
825,hospital,nisar hospital,Rawalpindi,78.50827892387134,17567.947265625,108,223.7719066884711
826,hospital,DHQ Hospital,Rawalpindi,78.50827892387134,22635.21484375,111,288.31627892007583
827,hospital,family hospital,Rawalpindi,78.50827892387134,18014.861328125,113,229.46447909772448
828,hospital,Railway Hospital,Rawalpindi,78.50827892387134,14613.0302734375,109,186.1336214949713
829,hospital,Social Security Hospital,Rawalpindi,78.50827892387134,7910.6005859375,108,100.7613552910557
830,hospital,TB Hospital,Rawalpindi,78.50827892387134,21808.44140625,110,277.7852438645027
831,hospital,Emergency Holy Family Hospital,Rawalpindi,78.50827892387134,22314.88671875,110,284.2360961751373
832,hospital,NESCOM Hospital,Rawalpindi,78.50827892387134,3666.538818359375,110,46.7025754304814
833,hospital,Tehsil Hospital,Bahawalpur,78.50827892387134,10839.0830078125,107,138.0629298767719
834,hospital,District Headquarter Hospital,Bahawalpur,78.50827892387134,6592.4189453125,103,83.97100325820541
835,hospital,DHQ Hospital Okara,Lahore,78.50827892387134,17113.78125,105,217.98696245264853
836,hospital,Dr.Tanseeb Hospital,Lahore,78.50827892387134,17782.046875,106,226.49900263694565
837,hospital,Ravi Hospital,Faisalabad,78.50827892387134,22283.65234375,108,283.83824800640735
838,hospital,SHAREEF HOSPITAL,Faisalabad,78.50827892387134,13413.7890625,106,170.85827439303836
839,hospital,Syeda Khatoon-e-Jannat Hospital,Faisalabad,78.50827892387134,19208.9296875,111,244.6739369503527
840,hospital,Al-Madina Hospital,Faisalabad,78.50827892387134,22824.93359375,106,290.73282342468747
841,hospital,Jinnah Hospital,Faisalabad,78.50827892387134,24437.70703125,106,311.2755414616462
842,hospital,Ali Sher Trust Hospital,Faisalabad,78.50827892387134,25733.837890625,108,327.78502144441137
843,hospital,Shifa Internation Hospital,Faisalabad,78.50827892387134,24506.927734375,107,312.157240870598
844,hospital,Makki Hospital,Faisalabad,78.50827892387134,21015.38671875,106,267.68370172944947
845,hospital,Kardar Specialist Hospital,Faisalabad,78.50827892387134,21638.962890625,105,275.6265095507708
846,hospital,Punjab Social Security Hospital,Faisalabad,78.50827892387134,24599.849609375,110,313.3408341969796
847,hospital,Mujahid Hospital Medical Complex,Faisalabad,78.50827892387134,25491.443359375,109,324.6975186412351
848,hospital,FESCO Hospital,Faisalabad,78.50827892387134,20736.98046875,106,264.1374992930164
849,hospital,Prime Care Hospital,Faisalabad,78.50827892387134,25627.61328125,106,326.43198440384646
850,hospital,United Hospital,Faisalabad,78.50827892387134,16553.865234375,106,210.85502651799447
851,hospital,Al Mansoor Hospital,Faisalabad,78.50827892387134,26714.0625,108,340.2706423599522
852,hospital,Ali Hospital,Faisalabad,78.50827892387134,14436.279296875,105,183.8822541362002
853,hospital,General Hospital 68 RB Kala,Faisalabad,78.50827892387134,1426.0474853515625,82,18.164294325371543
854,hospital,THQ Hospital Chak Jhumra,Faisalabad,78.50827892387134,8500.59375,105,108.27639920934882
855,hospital,Dr. Farhat Hospital,Lahore,78.50827892387134,21474.140625,108,273.5270842686954
856,hospital,THQ Hospital Shahkot,Lahore,78.50827892387134,12760.4150390625,108,162.53591613485938
857,hospital,Dar-ul-Hikmat Hospital,Faisalabad,78.50827892387134,1099.217529296875,94,14.001294441351526
858,hospital,Hospital Jatri Kohna,Lahore,78.50827892387134,3174.007080078125,92,40.42894741274263
859,hospital,ڈسٹرکٹ سول ہسپتال حافظ آباد,Gujranwala,78.50827892387134,19627.033203125,109,249.99953472623096
860,hospital,سرکاری ہسپتال,Gujranwala,78.50827892387134,1571.759765625,96,20.020305974980282
861,hospital,Govt Hospital,Gujranwala,78.50827892387134,10259.283203125,106,130.67772397702566
862,hospital,Alshifa family hospital,Gujranwala,78.50827892387134,13815.984375,106,175.98124127007313
863,hospital,ٹی ایچ کیو ہسپتال ملکوال,Gujranwala,78.50827892387134,1255.0911865234375,93,15.986736733083733
864,hospital,DA RUL SHIFA HOSPITAL,Gujranwala,78.50827892387134,15942.197265625,113,203.06389955489894
865,hospital,DHQ Hospital,Gujranwala,78.50827892387134,17021.70703125,108,216.81416615635877
866,hospital,Khalil hospital,Gujranwala,78.50827892387134,4006.1767578125,106,51.02871713309685
867,hospital,Noor Fatima hospital,Gujranwala,78.50827892387134,4387.1552734375,108,55.88143484449173
868,hospital,الفیزان سرجیکل ہسپتال,Gujranwala,78.50827892387134,9475.0556640625,109,120.68861773482975
869,hospital,Railway hospital,Gujranwala,78.50827892387134,10727.8642578125,110,136.6462799192834
870,hospital,Pak Uk Hospital,Gujranwala,78.50827892387134,12515.6435546875,109,159.41813686711677
871,hospital,Al Ghani Hospital,Gujranwala,78.50827892387134,13521.8037109375,109,172.2341120743387
872,hospital,Alqasim Hospital,Gujranwala,78.50827892387134,9269.19140625,107,118.06641966050788
873,hospital,Yaqoob Hospital,Gujranwala,78.50827892387134,6382.61669921875,95,81.29864501816307
874,hospital,Fouji foundation hospital,Rawalpindi,78.50827892387134,3273.324462890625,108,41.69400358482872
875,hospital,Gondal hospital,Rawalpindi,78.50827892387134,5315.3115234375,99,67.70383450376873
876,hospital,Ashrif Hospital Sohawa Distt Jhelum,Rawalpindi,78.50827892387134,9291.12890625,111,118.34584878952079
877,hospital,Govt. Hospital,Rawalpindi,78.50827892387134,1746.6763916015625,107,22.248308274536196
878,hospital,Tehsil Headquarter Hospital,Rawalpindi,78.50827892387134,12404.7197265625,110,158.00524348000582
879,hospital,Mubarak Hospital,Rawalpindi,78.50827892387134,5200.44287109375,110,66.24069387811399
880,hospital,Government Hospital Samote,Rawalpindi,78.50827892387134,828.3825073242188,97,10.551530598798282
881,hospital,Rural Hospital,Rawalpindi,78.50827892387134,649.9945678710938,106,8.279312408585426
882,hospital,Govt. Hospital,Rawalpindi,78.50827892387134,3965.579833984375,108,50.511613403597295
883,hospital,LRBT Eye Hospital,Rawalpindi,78.50827892387134,1235.927734375,112,15.742642066748989
884,hospital,Piyal Govt Hospital,Rawalpindi,78.50827892387134,1343.891357421875,107,17.117829811618115
885,hospital,Bagum Akhtar Rukhsana memorial Hospital,Rawalpindi,78.50827892387134,10428.357421875,109,132.83130855520687
886,hospital,NovaCare Hospital,Rawalpindi,78.50827892387134,248.470458984375,48,3.164894994390518
887,hospital,Jinnah Memorial Hospital,Rawalpindi,78.50827892387134,17550.0,107,223.5433032103283
888,hospital,Al Ihsan Hospital,Rawalpindi,78.50827892387134,15239.6865234375,111,194.11566184268622
889,hospital,Leprosy Hospital Rawalpindi,Rawalpindi,78.50827892387134,20914.216796875,109,266.39504882224327
890,hospital,Ali hospital,Rawalpindi,78.50827892387134,7390.36474609375,108,94.13484599834509
891,hospital,Combined Military Hospital,Rawalpindi,78.50827892387134,2933.20849609375,109,37.36177300406816
892,hospital,Abbasi Hospital,Rawalpindi,78.50827892387134,2867.80078125,111,36.52864157206753
893,hospital,Union Council Hospital,Lahore,78.50827892387134,3748.68603515625,86,47.748926438590146
894,hospital,Sharif Medical Hospital,Lahore,78.50827892387134,2583.816162109375,106,32.91138460206056
895,hospital,Animal Hospital,Lahore,78.50827892387134,10156.966796875,106,129.37446771345103
896,hospital,Life Hospital,Lahore,78.50827892387134,8823.4677734375,107,112.38901036148715
897,hospital,Bahria International Hospital,Lahore,78.50827892387134,16945.572265625,109,215.8443988061048
898,hospital,Citi Hospital Main Building,Lahore,78.50827892387134,8540.5888671875,105,108.78583742065241
899,hospital,Mukhtar Memorial Hospital,Lahore,78.50827892387134,20782.17578125,105,264.713175044918
900,hospital,Akhtar Memorial Hospital,Lahore,78.50827892387134,19305.8515625,105,245.90848031735203
901,hospital,Ashraf General Hospital,Lahore,78.50827892387134,25910.26171875,104,330.03222174663784
902,hospital,New Social Security Hospital,Lahore,78.50827892387134,26068.48046875,106,332.0475346813848
903,hospital,DHQ Hospital Sheikhupura,Lahore,78.50827892387134,18713.6953125,105,238.3658840699651
904,hospital,Yousaf Qurashi Hospital,Lahore,78.50827892387134,25070.2890625,107,319.333061508206
905,hospital,Shakir Hospital,Lahore,78.50827892387134,26999.876953125,109,343.9112068589161
906,hospital,Punjab Hospital,Lahore,78.50827892387134,15896.296875,109,202.4792428632205
907,hospital,Yousaf Siddiqui Hospital,Lahore,78.50827892387134,26383.39453125,106,336.0587557502528
908,hospital,Sairah Surgical Hospital,Lahore,78.50827892387134,11362.3193359375,106,144.7276579194332
909,hospital,Aakif Eye Hospital,Lahore,78.50827892387134,18278.1640625,104,232.81830035051647
910,hospital,site for Alhamd Hospital,Lahore,78.50827892387134,8212.087890625,104,104.60155289594586
911,hospital,sarwar hospital,Gujranwala,78.50827892387134,14244.607421875,108,181.44083168206816
912,hospital,Sidique Sadaq Hospital,Gujranwala,78.50827892387134,22343.751953125,106,284.603767391099
913,hospital,AL ANSAR MADNI TRUST HOSPITAL,Gujranwala,78.50827892387134,19440.34765625,106,247.62162567722444
914,hospital,WAPDA Hospital,Gujranwala,78.50827892387134,21443.251953125,109,273.1336394970306
915,hospital,Rafique Anwar Memorial Trust Hospital,Gujranwala,78.50827892387134,22751.31640625,107,289.7951237513653
916,hospital,DHQ Hospital Civil Hospital Gujranwala,Gujranwala,78.50827892387134,25197.9453125,111,320.95908428885804
917,hospital,Dr. Rashida Ch. Memorial Hospital & Maternity,Gujranwala,78.50827892387134,24798.04296875,110,315.8653241245602
918,hospital,Government Social Security Hospital,Gujranwala,78.50827892387134,19841.0390625,107,252.72543653312854
919,hospital,Medcare International Hospital,Gujranwala,78.50827892387134,21384.666015625,106,272.38740052321725
920,hospital,Niaz Memorial Hospital,Gujranwala,78.50827892387134,26265.201171875,109,334.553266635027
921,hospital,Civil Hospital,Gujranwala,78.50827892387134,7689.79150390625,106,97.94879736649125
922,hospital,Fatima Bashir Hospital,Gujranwala,78.50827892387134,14921.2490234375,106,190.05956095288343
923,hospital,Civil Hospital,Gujranwala,78.50827892387134,13226.560546875,106,168.4734492740652
924,hospital,Hospital,Gujranwala,78.50827892387134,16988.966796875,109,216.39713708854862
925,hospital,Innayat Children Hospital,Gujranwala,78.50827892387134,20590.45703125,111,262.2711555199975
926,hospital,gujrat hospital,Gujranwala,78.50827892387134,20159.30859375,107,256.7793979192726
927,hospital,ayesha ilyas hospital,Gujranwala,78.50827892387134,20811.6875,106,265.08908086217093
928,hospital,Khwajgan Trust Hospital,Gujranwala,78.50827892387134,20722.205078125,107,263.9492976048947
929,hospital,Ayesha Hospital,Gujranwala,78.50827892387134,20033.806640625,106,255.1808155169415
930,hospital,Mirza Akram Hospital,Gujranwala,78.50827892387134,20024.501953125,107,255.0622969654264
931,hospital,Ali Children Hospital,Gujranwala,78.50827892387134,20157.318359375,111,256.7540472887113
932,hospital,Malik Haider Hospital,Gujranwala,78.50827892387134,17455.771484375,109,222.34306653571758
933,hospital,Doctors hospital,Gujranwala,78.50827892387134,16196.2646484375,109,206.3000854233838
934,hospital,Doctors hospital,Gujranwala,78.50827892387134,12968.671875,109,165.1885896973437
935,hospital,Aziz bhati Hospital,Gujranwala,78.50827892387134,8656.671875,109,110.26444591142145
936,hospital,Umeed Clinic and Maternity Hospital,Gujranwala,78.50827892387134,7695.6552734375,108,98.02348719043881
937,hospital,Kanwar Saeed Hospital,Gujranwala,78.50827892387134,450.4677429199219,88,5.737837449687768
938,hospital,Rehmat children hospital,Gujranwala,78.50827892387134,7193.0810546875,106,91.62194297575361
939,hospital,Kanwar Saeed Hospital,Gujranwala,78.50827892387134,2003.0538330078125,102,25.513918537816284
940,hospital,Allama Iqbal International Hospital,Gujranwala,78.50827892387134,4748.7763671875,107,60.48758719819013
941,hospital,HASHIM Welfare Hospital Pindi Hashim,Gujranwala,78.50827892387134,695.7152709960938,95,8.861680328908006
942,hospital,CIVIL HOSPITAL KOTLA ARAB ALI KHAN,Gujranwala,78.50827892387134,1160.3333740234375,87,14.779758134152967
943,hospital,Nazeer Begum Hospital,Gujranwala,78.50827892387134,11115.8662109375,109,141.58845873715356
944,hospital,Fazl-E-Illahi Hospital,Gujranwala,78.50827892387134,6786.6240234375,98,86.44469241286538
945,hospital,Indus Hospital Raiwind,Lahore,78.50827892387134,9383.82421875,109,119.52655627375803
946,hospital,University of Lahore Teaching Hospital,Lahore,78.50827892387134,8120.97705078125,108,103.44102764825702
947,hospital,Hameeda Memorial Hospital,Lahore,78.50827892387134,17073.1328125,107,217.46920256723035
948,hospital,Evercare Hospital,Lahore,78.50827892387134,20075.021484375,105,255.70579000772057
949,hospital,Wazir Hospital,Lahore,78.50827892387134,26367.791015625,107,335.8600058115345
950,hospital,Liaqat Hospital,Lahore,78.50827892387134,25624.412109375,104,326.39120944458256
951,hospital,Akhtar Saeed Trust Teaching Hospital,Lahore,78.50827892387134,12949.259765625,111,164.94132775706063
952,hospital,Union Hospital,Lahore,78.50827892387134,22495.357421875,104,286.53484358876995
953,hospital,Shaukat Khanum Memorial Cancer Hospital & Research Center,Lahore,78.50827892387134,23242.169921875,106,296.0473753909787
954,hospital,Sakina hospital johar town,Lahore,78.50827892387134,24361.90625,110,310.31002824076023
955,hospital,Zhong Ba Hospital,Lahore,78.50827892387134,26216.5234375,108,333.93323349913055
956,hospital,Al Shifa Hospital,Lahore,78.50827892387134,23605.791015625,106,300.67900276498597
957,hospital,Farooq Hospital,Lahore,78.50827892387134,16964.078125,105,216.0801173778104
958,hospital,جمیله فریدی روغتون,Lahore,78.50827892387134,27680.146484375,106,352.57614692096547
959,hospital,لطیف روغتون، جوهر ټاون,Lahore,78.50827892387134,28121.048828125,107,358.1921450015951
960,hospital,Mughal eye hospital,Lahore,78.50827892387134,24091.73046875,109,306.86866148360605
961,hospital,Clapp Hospital,Lahore,78.50827892387134,29976.734375,111,381.8289584983531
962,hospital,احسان ممتا ز ہسپتال,Lahore,78.50827892387134,28473.51953125,106,362.68174416179056
963,hospital,Pearl International Hospital,Lahore,78.50827892387134,20552.8125,106,261.79165792094165
964,hospital,Doctors Hospital,Lahore,78.50827892387134,21278.77734375,108,271.03864248996985
965,hospital,Jinnah Hospital Lahore,Lahore,78.50827892387134,19145.388671875,106,243.86458261860616
966,hospital,ممتاز بختاور ہسپتال,Lahore,78.50827892387134,7568.7177734375,104,96.40661949521026
967,hospital,Social Security Hospital,Lahore,78.50827892387134,26678.44921875,106,339.8170178283976
968,hospital,Gondal Hospital,Lahore,78.50827892387134,27554.857421875,108,350.9802762151321
969,hospital,Al Noor Hospital,Lahore,78.50827892387134,28303.015625,111,360.5099489245604
970,hospital,Farouque Hospital,Lahore,78.50827892387134,27150.451171875,106,345.82914749924026
971,hospital,Al Shafi Hospital,Lahore,78.50827892387134,30375.025390625,106,386.9021943542966
972,hospital,بجوا روغتون,Lahore,78.50827892387134,31167.44921875,107,396.9957009116548
973,hospital,Khushnood Hospital,Lahore,78.50827892387134,29753.681640625,105,378.9878220292771
974,hospital,Lahore Psychiatric Hospital,Lahore,78.50827892387134,31219.625,105,397.6602904551422
975,hospital,Ishaq Haroon Hospital,Lahore,78.50827892387134,31668.25390625,109,403.37470570407453
976,hospital,Haq Orthopedic Hospital,Lahore,78.50827892387134,30736.892578125,109,391.5114813296346
977,hospital,Haq Hospital,Lahore,78.50827892387134,35056.00390625,108,446.52620572976053
978,hospital,Faran Hospital,Lahore,78.50827892387134,33864.640625,105,431.35120383721807
979,hospital,Muhammadi Hospital,Lahore,78.50827892387134,32760.63671875,110,417.2889428708232
980,hospital,Mian Munshi Hospital Lahore,Lahore,78.50827892387134,27921.33203125,109,355.64825027338867
981,hospital,داتا دربار ہسپتال,Lahore,78.50827892387134,30137.232421875,107,383.87330400019033
982,hospital,Infectious Diseases Hospital,Lahore,78.50827892387134,34733.16796875,106,442.4140796976379
983,hospital,Alle Fatima Hospital,Lahore,78.50827892387134,31431.841796875,112,400.36340406027915
984,hospital,Saira Meraj Hospital,Lahore,78.50827892387134,24423.55078125,108,311.0952260835225
985,hospital,Kalsoom Surgical Hospital,Lahore,78.50827892387134,23806.697265625,108,303.23804816445033
986,hospital,بلال کیئر ہسپتال,Lahore,78.50827892387134,25128.533203125,109,320.0749468408533
987,hospital,Ali Hospital,Lahore,78.50827892387134,28406.63671875,108,361.8298236584146
988,hospital,Secretariat Punjab Social Security Hospital,Lahore,78.50827892387134,25107.283203125,111,319.8042747500715
989,hospital,Govt. Maternity Hospital,Lahore,78.50827892387134,23748.826171875,107,302.5009145201615
990,hospital,Bajwa Hospital,Lahore,78.50827892387134,25145.794921875,106,320.29481815871435
991,hospital,ٹی ایچ کیو ہسپتال,Lahore,78.50827892387134,20700.748046875,105,263.6759884514638
992,hospital,Chattha Hospital,Lahore,78.50827892387134,16823.720703125,109,214.29231329142735
993,hospital,Haider Hospital,Lahore,78.50827892387134,20618.234375,108,262.62496971807633
994,hospital,Civil Hospital,Gujranwala,78.50827892387134,19183.80859375,106,244.35395676362157
995,hospital,Hospital,Gujranwala,78.50827892387134,25534.818359375,110,325.2500081441837
996,hospital,Ashraf Hospital,Gujranwala,78.50827892387134,27674.091796875,107,352.4990252774523
997,hospital,Government Maternity Hospital,Gujranwala,78.50827892387134,24329.482421875,110,309.8970294007724
998,hospital,Bashir Butt Memorial Hospital,Gujranwala,78.50827892387134,24384.111328125,110,310.59286564885747
999,hospital,City Hospital,Gujranwala,78.50827892387134,23935.658203125,108,304.880689415382
1000,hospital,PurrCure Pet Clinic Gujranwala (Animal Hospital),Gujranwala,78.50827892387134,24301.966796875,109,309.54654884792933
1001,hospital,KHURSHEED QADIR HOSPITAL,Gujranwala,78.50827892387134,14733.3408203125,109,187.6660783074772
1002,hospital,Sardar Hospital,Gujranwala,78.50827892387134,16265.982421875,107,207.18811627048854
1003,hospital,Alfazal Hospital,Gujranwala,78.50827892387134,2168.241943359375,90,27.618003770811185
1004,hospital,Mufaza Tul Hayat Hospital,Lahore,78.50827892387134,9984.6259765625,107,127.17927476469694
1005,hospital,Chaudhry Rehmat Ali Memorial Hospital,Lahore,78.50827892387134,18832.75390625,107,239.8823941168284
1006,hospital,Rahmatullah Eye Hospital,Lahore,78.50827892387134,25518.31640625,108,325.039814348686
1007,hospital,ڈاکٹر خواجہ احد ہسپتال,Lahore,78.50827892387134,29873.376953125,105,380.5124422876841
1008,hospital,Khairun Nisa Hospital,Lahore,78.50827892387134,28139.23046875,105,358.42373383368033
1009,hospital,Ittefaq Hospital,Lahore,78.50827892387134,25190.00390625,106,320.85793054610815
1010,hospital,Saira Memorial Hospital,Lahore,78.50827892387134,25071.333984375,113,319.34637121119937
1011,hospital,Gulab Devi Memorial Hospital,Lahore,78.50827892387134,16225.4111328125,106,206.67133906407642
1012,hospital,Model Town Hospital,Lahore,78.50827892387134,14417.4208984375,106,183.64204509460617
1013,hospital,Al-Rehman Hospital,Lahore,78.50827892387134,21133.794921875,106,269.1919274191225
1014,hospital,Lahore Speciality Hospital,Lahore,78.50827892387134,12761.8134765625,103,162.55372874671596
1015,hospital,Rasheed Hospital,Lahore,78.50827892387134,22292.748046875,105,283.95410461732376
1016,hospital,Bari Clinic & Hospital,Lahore,78.50827892387134,23215.87109375,109,295.71239380068675
1017,hospital,زینب میموریل ہسپتال,Lahore,78.50827892387134,21952.6640625,106,279.62228141298664
1018,hospital,Naseer Hospital,Lahore,78.50827892387134,23514.6171875,107,299.5176752034251
1019,hospital,یونائیٹڈ کرسچن ہسپتال,Lahore,78.50827892387134,17396.203125,108,221.5843139532955
1020,hospital,Fazal Cardiac Hospital,Lahore,78.50827892387134,19195.3203125,105,244.50058739809467
1021,hospital,Salma Sarfraz Hospital,Lahore,78.50827892387134,22889.4453125,106,291.55454209734563
1022,hospital,Hameed Latif Hospital,Lahore,78.50827892387134,20744.375,105,264.23168720990054
1023,hospital,Hijaz Hospital Lahore,Lahore,78.50827892387134,22804.482421875,109,290.47232641525954
1024,hospital,Amanat Eye Hospital,Lahore,78.50827892387134,23516.267578125,106,299.5386970707698
1025,hospital,Hospital Hudson Silva Lions Eye Hospital,Lahore,78.50827892387134,27323.23046875,111,348.02992554766166
1026,hospital,Wapda Hospital,Lahore,78.50827892387134,31727.119140625,112,404.12450222466924
1027,hospital,Nobel Hospital,Lahore,78.50827892387134,32558.775390625,105,414.7177321540433
1028,hospital,Pak Hospital,Lahore,78.50827892387134,29560.501953125,107,376.5271937981153
1029,hospital,Akram Complex Hospital,Lahore,78.50827892387134,21563.130859375,106,274.6605982826925
1030,hospital,Fatima Memorial Hospital,Lahore,78.50827892387134,27138.4609375,108,345.6764217671347
1031,hospital,مید سېټي روغتون,Lahore,78.50827892387134,17607.755859375,111,224.27896905559547
1032,hospital,Asghar Hospital,Lahore,78.50827892387134,30341.734375,105,386.4781497047217
1033,hospital,سروسز ہسپتال,Lahore,78.50827892387134,19113.86328125,105,243.4630276353977
1034,hospital,Naz Hospital,Lahore,78.50827892387134,25214.74609375,110,321.1730844106323
1035,hospital,حمزه روغتون,Lahore,78.50827892387134,28913.59765625,104,368.28724374772264
1036,hospital,Samanabad Hospital,Lahore,78.50827892387134,30665.673828125,106,390.60433177832346
1037,hospital,Race View Maternity Hospital,Lahore,78.50827892387134,14781.3876953125,110,188.27807586567855
1038,hospital,Chinese Heart & General Hospital (CHGH),Lahore,78.50827892387134,26337.26953125,106,335.4712380943795
1039,hospital,Suraya Azeem Hospital,Lahore,78.50827892387134,24206.798828125,107,308.33434587959925
1040,hospital,سر گنگا رام ہسپتال,Lahore,78.50827892387134,27076.62109375,107,344.8887361294204
1041,hospital,Ramzan Ali Syed Memorial Hospital,Lahore,78.50827892387134,31040.630859375,105,395.38035077134697
1042,hospital,Rasheed Hospital,Lahore,78.50827892387134,23510.798828125,113,299.46903881211273
1043,hospital,بشیر میموریل ٹرسٹ ہسپتال آنکھ,Lahore,78.50827892387134,27235.900390625,108,346.9175577907569
1044,hospital,Family Hospital,Lahore,78.50827892387134,28475.375,106,362.70537821383493
1045,hospital,Mayo Hospital,Lahore,78.50827892387134,26788.541015625,109,341.21931320901285
1046,hospital,کېرنس رېلوې روغتون,Lahore,78.50827892387134,24296.380859375,106,309.475397912301
1047,hospital,Government Nawaz Sharif Hospital,Lahore,78.50827892387134,33919.6328125,111,432.0516673839139
1048,hospital,Malik Jalal Din Hospital,Lahore,78.50827892387134,35046.421875,108,446.40415450941356
1049,hospital,Mian Muhammad Nawaz Sharif Hospital,Lahore,78.50827892387134,30964.25390625,111,394.4074985553525
1050,hospital,سید مٹھا ہسپتال,Lahore,78.50827892387134,32079.6484375,112,408.6148477233503
1051,hospital,Hameed Latif Hospital Misri Shah Branch,Lahore,78.50827892387134,35005.6640625,109,445.8850014588223
1052,hospital,Punjab Dental Hospital,Lahore,78.50827892387134,28051.765625,109,357.3096494982587
1053,hospital,Rabia Welfare Hospital,Lahore,78.50827892387134,32477.99609375,107,413.6888050398299
1054,hospital,Dr.A.Q Khan Hospital,Lahore,78.50827892387134,27124.9453125,110,345.5042663564536
1055,hospital,Bahria Nasheman Hospital,Lahore,78.50827892387134,3341.703857421875,108,42.56498681702461
1056,hospital,Noor Hospital,Lahore,78.50827892387134,20391.375,109,259.7353461253851
1057,hospital,Avicenna Hospital,Lahore,78.50827892387134,3595.399658203125,107,45.79643965561322
1058,hospital,Zia Hospital,Lahore,78.50827892387134,28086.2265625,107,357.7485960395963
1059,hospital,PKLI HOSPITAL,Lahore,78.50827892387134,1868.5401611328125,106,23.80054927639818
1060,hospital,Lahore General Hospital,Lahore,78.50827892387134,30521.412109375,106,388.7667966708491
1061,hospital,Makhdoom Memorial Hospital,Lahore,78.50827892387134,28215.583984375,107,359.3962875142806
1062,hospital,Geo Hospital,Lahore,78.50827892387134,20803.275390625,106,264.98193153358665
1063,hospital,Rasheed Hospital,Lahore,78.50827892387134,22981.427734375,110,292.7261691300079
1064,hospital,Prime Care Hospital,Lahore,78.50827892387134,27772.888671875,111,353.7574514759912
1065,hospital,Ayesha Hospital,Lahore,78.50827892387134,22128.56640625,104,281.8628393026911
1066,hospital,Fauji Foundation Hospital,Lahore,78.50827892387134,9167.962890625,107,116.77702041481609
1067,hospital,Cavalry Hospital Lahore,Lahore,78.50827892387134,25681.212890625,108,327.1147099725343
1068,hospital,PAF Hospital,Lahore,78.50827892387134,17150.0,107,218.44829914855444
1069,hospital,MedEast Hospital,Lahore,78.50827892387134,10070.0869140625,109,128.2678343239107
1070,hospital,Zarrar Shaheed Trust hospital,Lahore,78.50827892387134,9042.3681640625,98,115.17725630988281
1071,hospital,Surgimed Hospital Lahore,Lahore,78.50827892387134,13570.8525390625,107,172.85887202064401
1072,hospital,Combined Military Hospital,Lahore,78.50827892387134,19090.708984375,110,243.1680995438336
1073,hospital,Cantonment General Hospital,Lahore,78.50827892387134,23440.93359375,107,298.57912967981923
1074,hospital,Mian Meer Welfair Hospital,Lahore,78.50827892387134,24727.0703125,107,314.9613091948886
1075,hospital,Rashida Hospital,Lahore,78.50827892387134,27559.072265625,106,351.0339628301971
1076,hospital,Defence National Hospital,Lahore,78.50827892387134,18743.423828125,106,238.7445513396148
1077,hospital,Ghaziabad Government Hospital Lahore,Lahore,78.50827892387134,26507.30859375,106,337.63711237962383
1078,hospital,Al Ehsan Eye Hospital,Lahore,78.50827892387134,30116.345703125,111,383.6072592080194
1079,hospital,ali hospital shalimar road,Lahore,78.50827892387134,31097.44140625,109,396.1039756890463
1080,hospital,شالامار ہسپتال,Lahore,78.50827892387134,32208.263671875,109,410.25308557721684
1081,hospital,Zahida welfare Hospital,Lahore,78.50827892387134,31563.515625,108,402.0406007830946
1082,hospital,Mussarat Razzaq Hospital,Lahore,78.50827892387134,31273.408203125,105,398.34535455108494
1083,hospital,Hina Hospital,Lahore,78.50827892387134,25779.736328125,106,328.3696532581403
1084,hospital,City Hospital,Lahore,78.50827892387134,33435.23046875,108,425.8815876115663
1085,hospital,Madina Eye Hospital,Lahore,78.50827892387134,28946.65234375,109,368.70827816540555
1086,hospital,Ghurki Hospital,Lahore,78.50827892387134,4443.87158203125,105,56.60385940112667
1087,hospital,Bhatti Hospital,Lahore,78.50827892387134,31333.45703125,108,399.110227109089
1088,hospital,District Headquarters Hospital,Gujranwala,78.50827892387134,11967.2294921875,109,152.43270717718823
1089,hospital,Tehsil Headquarter Hospital,Gujranwala,78.50827892387134,14229.1455078125,113,181.24388539469007
1090,hospital,Cheema Hospital,Gujranwala,78.50827892387134,18331.86328125,107,233.5022946946298
1091,hospital,Children Hospital,Gujranwala,78.50827892387134,26079.96875,109,332.1938667804637
1092,hospital,Al-Shifa Hospital,Gujranwala,78.50827892387134,26304.12890625,111,335.0491090469177
1093,hospital,Amna hospital,Gujranwala,78.50827892387134,23619.578125,109,300.8546162106503
1094,hospital,Saad Hospital & Cardiac Care Center,Gujranwala,78.50827892387134,20464.2421875,107,260.66349266609143
1095,hospital,Younas Hospital,Gujranwala,78.50827892387134,19269.4453125,113,245.44475533829214
1096,hospital,Imran Idrees Teaching Hospital,Gujranwala,78.50827892387134,6148.50830078125,108,78.31668691582698
1097,hospital,Sardar Begum Hospital,Gujranwala,78.50827892387134,25744.349609375,108,327.9189145687301
1098,hospital,Zulfiqar Hospital,Gujranwala,78.50827892387134,25591.451171875,108,325.97136916847666
1099,hospital,Al-Sheikh Hospital,Gujranwala,78.50827892387134,25484.474609375,109,324.6087541173464
1100,hospital,Bithenia Hospital,Gujranwala,78.50827892387134,20753.677734375,113,264.3501808834661
1101,hospital,Mission Hospital,Gujranwala,78.50827892387134,21574.60546875,110,274.8067562361247
1102,hospital,Iqbal Hospital,Gujranwala,78.50827892387134,22472.818359375,108,286.24775205130476
1103,hospital,Combined Military Hospital Sialkot,Gujranwala,78.50827892387134,10360.71875,111,131.9697602853666
1104,hospital,Dr. Frigz Hospital,Gujranwala,78.50827892387134,18295.095703125,110,233.03396729490865
1105,hospital,Village Hospital Tanda,Gujranwala,78.50827892387134,10903.02734375,109,138.87742150509442
